text,ref,translated,source_zip_file
Ame kukua ƒe ƒometɔwo ate ŋu atso nya me le afisi woaɖi woƒe lɔlɔ̃tɔa le ŋu.,The deceased's relatives can decide where to bury their loved one.,The bereaved family can find solace where they will lay their loved one to rest.,run_1
"Woade se ɖe V8/V6 tɔdziʋuwo alo tɔdziʋu ɖesiaɖe si ƒe gbeɖiɖi sɔ kple esia hehe nu, negbe mɔzɔzɔ yi kɔƒenutowo me ko.","Towing of the V8/V6 vessels or any vessel of similar tone will be prohibited, except for trips to rural areas.","They are designed for V8/V6 engines or any engine whose noise level is equivalent to this, but only for trips to funeral grounds.",run_1
Esesẽna ŋutɔ be ame siwo ƒoa wo ɖokuiwo ɖe teƒe vovovowo la nawɔ nu aduadu.,It's quite hard to mix with people of different cultural beriefs.,It was specifically said that those who beat themselves at various places should eat food.,run_1
Edze be na xe adzɔga nenye be ne le asi tsam le anyigba sɔe aɖe dzi.,"You have the power to change the undesirable things around you, emphasizing personal agency and empowerment.",It is necessary that the market should be in the process of being established on a certain piece of land.,run_1
"Nu siwo wozãna tsɔ ƒoa asa na asrãdɔ nye atikewo, mu ɖaɖe nuwo ɖa kple ale si womate ŋu aƒo asa na nuɖuɖu o.","Methods used to prevent malaria include medications, mosquito elimination and the prevention of bites.","The things used to fight disease are medicines, injections, and ways in which food cannot be used to fight it.",run_1
"Nyɔnuvi dzetugbee wònye, gake ate ŋu aƒo nu kplii, gake melɔ̃ ɖe edzi kura o, togbɔ be ɖevia vivina hã la, eléa ɖoɖo ɖe edzi ɣesiaɣi, eye taɖua megahea ta na dzila aɖeke vɛ o.","She is a beautiful girl, but she is just too much trouble. She can talk, she can argue, but she never agrees. Her brother however is a sweet boy. He is always calm, and never causes his parents any headaches.","She is a very beautiful young woman, and she can stand firm, but I don't love her at all, even though the child is also lovely, she is always well-composed, and her behavior would not bring shame to any parent.",run_1
Dunyahela ate ŋu anɔ dunyaheha ɖesiaɖe me faa.,A politician is free to belong to any political party.,A world citizen can live comfortably in any country.,run_1
poliswo le dɔ wɔm kple bɔswo dzi kpɔlawo be yewoakpɔ egbɔ ɣeyiɣi didi aɖe.,Police are working with bus managers to find a long term solution.,police are working with boat supervisors to find a long-lasting solution.,run_1
Dukɔmevi akpa gãtɔ xɔ edzi se be ate ŋu awɔe eye wòawɔe geɖe wu.,Most of the citizens believe in him that he can do it and do it more.,The majority of citizens strongly believe they can do it and will do even more.,run_1
Asitsalawo adzɔ ga na bɔlƒoƒea tutu.,The business community will contribute funds for the construction of the stadium.,The traders contributed money for the demolition of the market.,run_1
Kpekpe aɖe nɔ anyi ku ɖe motsyɔnu si woama na sitsoƒedilaawo ŋu.,There was a meeting about the face mask distribution to the refugees.,There is some controversy over the compensation given to the displaced persons.,run_1
"Enɔ ɖevi si gbɔ wòtso, eye wònɔ kɔƒea me, le ŋuve me kple ƒu si te ɖe ƒu la ŋu.","He lived a carefree childhood, spent in the village, in the bush, and on the nearby sea.","It stayed with the child it came from, and it stayed in the throat, in the chest with pain that was attached to the body.",run_1
Eyae nye agbanɔamedzi be dziɖuɖua nakpɔ egbɔ be atike vɔ̃ɖiwo li le kɔdzi.,It's the government's responsibility to make sure there are drugs in hospitals.,It is important for the patient to see a doctor so that appropriate medications are available.,run_1
"Kpɔ nyuie, tsɔ aʋawɔnu vɔ̃ɖiwo kpe ɖe fiafitɔwo ŋu.","Be careful, thieves carry dangerous weapons along with them.","Look carefully, add dangerous weapons to the warriors.",run_1
Mele be nàƒo nu le telefon dzi esime nèle ʋu kum o elabena wolée le esi wòku ʋu ŋumaɖɔɖotɔe ta.,You should not talk on the phone while driving as He was arrested for driving recklessly.,I don't want you to talk on the phone while you are driving because you will be fined for distracted driving.,run_1
"Alesi atiglinyia ƒe ŋutigbalẽ sɔe nye be wòaɖe nyɔnuvi ƒewuivi si le sɔhɛmenɔɣi ƒe kɔnuwo me tom afia be, abe alesi lãa sesẽ ene la, nenemae wòle be wòasẽ ŋu nenema ke le agbe me.","The relevance of the elephant skin is to show the teenage girl going through the puberty rites that, just as the meat is hard, that's how strong she should equally be in life.","The meaning of the butterfly's struggle is that the young girl who is in the cocoon stage must show that, just as the animal is strong, so must she be strong in life.",run_1
"Esia fia kɔte be, Fianyɔnua ƒe dɔe wònye be wòatia amesi dze tso fiaƒomea me","This clearly signify, it is the role of the Queenmother to select the qualify candidate from the royal family",This shows clearly that the role of the Queen Mother is to install whoever is selected from the royal family,run_1
"Ŋutifafa, ɖoɖowɔwɔ kple dedienɔnɔ ƒe gbedeasi ye sinimaa la nɔ gbeƒã ɖem.","The film was preaching the word of peace, order and stability.","The film advocates for peace, patience and perseverance.",run_1
Ame geɖewo xɔ tso lãmeka falɛfalɛa me le esi wokpɔe be lãmesẽnyawo le míaƒe lãmesẽnyawo ŋu,A good number of people have recovered from the coronavirus proving that we have a strong health sector,Some people recovered from the mild illness when it was observed that the symptoms were similar to our symptoms,run_1
Nuɖuɖu deŋgɔwo le abe amegbetɔwo ƒe agbe me.,Beans contain a high food value for human life.,Food preferences are part of human life.,run_1
Nyɔnu aɖewo yia ŋgɔ wu ɣleti asieke siwo wofɔ fufɔfɔ ɖo la dometɔ aɖewo.,Some women go beyond or below the supposed nine months of their pregnancy.,Some women go beyond the eighth month that some of those who give birth prematurely deliver.,run_1
"Eɖe srɔ̃ esime wòxɔ ƒe wuienyi eye eya hã nɔ dɔ wɔm le ketekedzeƒea, eye esi wòxɔ ƒe wuiasieke la, edzi nyɔnuvi.","He married at the age of eighteen also working at the railway station, at the age of nineteen he had a daughter.","She got married when she was nineteen and she too was working at the factory, and when she was twenty-seven, she gave birth to a girl.",run_1
"Enye nunyala, eye wòtea ŋu wɔa nu ɖe dukɔ sia ƒe kplɔla ŋu.",She is a wise and capable leader for this country.,"He is knowledgeable, and he constantly acts against the leader of this nation.",run_1
Ekpena ɖe amegbetɔ ƒe susu ƒe dɔwɔwɔ nyuie ŋu,It helps in the efficiency of the human mind,It affects the proper functioning of the human mind,run_1
"Le ƒe 2020 me la, wowɔ numekuku le sukudede kple sukudede ŋu le Ghana afisia. When the investigation ended, some of the things that came to light are as follows.","In 2020, a survey of schooling and education was conducted here in Ghana. When the investigation ended, some of the things that came to light are as follows.","In the year 2020, a research was conducted on education and schooling in Ghana here. When the investigation ended, some of the things that came to light are as follows.",run_1
Míate ŋu aƒo nya ta tso esia me be ame ɖesiaɖe ƒe ɣeyiɣi si wòtsɔna kpɔa dzidzedze la le etɔxɛ.,We can infer from this that each person's time to success is unique.,We can conclude from this that the time each person takes to reach orgasm is different.,run_1
"Nyateƒee, kɔnu kple akpa siawo katã ɖe Fianyɔnu Dada ƒe vevienyenye kple vevienyenye fia le Akantɔwo ƒe dekɔnuwo kple hadomegbenɔnɔ me. Ẽ, le Akantɔwo ƒe hadomegbenɔnɔ me la, Fianyɔnu vidada geɖewo ɖu fia kpe ɖe Fiawo ŋu.","Indeed, all these customs and roles signify the importance and relevance of the Queenmother in Akans' culture and society. Yes, in the Akan society, many Queenmothers have reigned alongside Kings.","Indeed, all these ornaments and accessories reflect the Queen Mother's importance and significance in Akan traditions and society. Yes, in Akan society, several Queen Mothers ruled alongside Kings.",run_1
Sɔhɛ siawo ƒe gãtɔ le atike vɔ̃ɖi zazã me.,Majority of the youth are involved in drug abuse.,The greatest of these challenges is in the use of hard drugs.,run_1
"Azɔ hã, aɖuɖɔɖɔɖɔ kple lũhɛ kpena ɖe ame ŋu wòɖea aɖi ɖesiaɖe ɖa le ŋutilãa me.","Also, rubbing the gums with a razor helps to remove any toxins from the body.","Also, frequent urination and thirst are among the symptoms that appear in the body of anyone who has diabetes.",run_1
"Ŋkeke kɔkɔe siawo dzɔna le Kwasiɖagbe, Dzoɖa, Braɖa, Kuda, Fiɖa kple Memleɖagbe.","These sacred days occurs on Sunday, Monday, Tuesday, Wednesday, Friday and Saturday.","These red days (holidays/special days) occur on Sunday, Monday, Tuesday, Wednesday, Friday, and Saturday.",run_1
"Esi wònɔ nu ƒom le Kwame Nkrumah Dzɔdzɔmeŋutinunya kple Mɔ̃ɖaŋununya Yunivɛsiti (KNUST) le woƒe ƒe 40 xɔxɔ le nusiwo wogbugbɔ zãna me la, ekpɔ be manyo ne wokpɔ nuwɔna sia ƒomevi eye woŋe aɖaba ƒu wo dzi o, ne wokpɔ nusiwo tsi tre ɖe se ŋu.","When he was speaking in the Kwame Nkrumah University of Science and Technology (KNUST) during their 40th anniversary in recycling, he saw that it wouldn't be nice if they see this kind of practices and ignored them, when they see things against the law happening.","When she was a student at the Kwame Nkrumah University of Science and Technology (KNUST) during their 40th anniversary celebrations, she felt it would be good if students were given the opportunity to witness such events and not be restricted, so they could see the things that go beyond the rules.",run_1
"Ɣebubuɣiwo hã ne wokpɔ deti ƒe aŋgbawo le anyigba aɖe dzi la, efia be wole nya hem le anyigbaa ŋu.","Other times, too, when palm fronds are seen on a piece of land, it indicates litigation over the land.","Researchers also, when they find traces of peanuts in a land, it shows that they are gaining knowledge about the land.",run_1
"Le nyateƒe me la, esime esia nɔ edzi yim la, amewo nɔ anyi, siwo dome ɖevia dada hã nɔ, gake wo dometɔ aɖeke mete ŋu ɖo aɖaŋu na tagbɔsesẽtɔ la be wòadzudzɔ ɖevia ƒoƒo o.","In fact, while this was going on, there were people, including the child's mother, but none of them could advise the crazy man to stop beating the child.","In truth, as this continued, people were seated, among whom the child's mother was also present, but none of them could muster the courage to tell the stubborn one to stop beating the child.",run_1
Numekulawo ɖee fia be tsinono ɖea sukli ƒe agbɔsɔsɔ si le ŋutilã me dzi kpɔtɔna eye wòkpɔa ame ta tso suklidɔ me elabena nunyiamewo abe Vitamin kple bubuawo yɔ tsi me fũ,Researchers have shown that drinking water reduces the amount of glucose in the body and protects against diabetes as water is full of nutrients like Vitamin and others,Studies have shown that dehydration negatively affects physical performance at school and can cause headaches from schoolwork because nutrients such as Vitamins and others dissolve in water,run_1
Zimenɔla la ɖe gbeƒãe be yewoaɖo dedienɔnɔdzikpɔla bubuwo ɖe zã me.,The chairman announced the deployment of more security forces in the night.,The opposition called for the release of other detained protesters at night.,run_1
Woaɖo xɔdzisasrãwo ɖe atikplɔƒea hena dedienɔnɔ.,A fence will be built around the staff quarters for security.,The newborns will be transferred to the nursery for observation.,run_1
Míayi edzi alé ŋku ɖe tsaɖilawo ƒe teƒe bubu siwo le Ashanti nutoa me ŋu le míaƒe nusɔsrɔ̃ si gbɔna me.,we will continue look at the other tourist site in the Ahanti region in our next lesson.,We will continue to look at other locations of the hunters in the Ashanti region in our next study.,run_1
Wogblɔ be adzodada si Nana Agradaa zã tsɔ xɔ ga le ameawo si la ɖo eƒe gbedoxɔ me fifia.,It is said that the extortion used by Nana Agradaa to extort money from the people has now reached his temple.,It is reported that the fetish practice that Nana Agradaa used to collect money from people is now in her church.,run_1
"Ne èkpɔ nusiawo katã la, efia be no me kansa le nu gblẽm le wò susu ŋu, Kpɔ wò ɖɔkta enumake.","If you see all these, it means that breast cancer is killing your memory, See your doctor immediately.","If you notice all these things, it shows that mouth cancer is affecting your mind, See your doctor immediately.",run_1
"Ehiã be ame nate ŋu atsɔ nu siwo katã nye koléra (le kpɔɖeŋu me, nudodowo, nudodowo kple kpluwo me) la aƒle ahawɔ wo ɖokuiwo nyuie.","Proper disposal and treatment of all materials that may have come into contact with the feces of other people with cholera (e.g., clothing, bedding, etc.) are essential.","It is necessary that one can take all things that are cholera (for example, in vomiting, diarrhea and stools) and wash their hands well.",run_1
Amewo dina ɣesiaɣi be nu nyuitɔ na yewo ɖokuiwo nenye be edi be yewodzudzɔ dɔwɔwɔ hã.,People always want the best for themselves even if it requires them to stop working.,People always seek what is best for themselves even when they should also be diligent in their work.,run_1
Wokpe amedzrowo be woade poliswo ƒe dɔwɔƒea.,Residents were invited to attend the grand opening of the police station.,They called on the visitors to visit the police station.,run_1
Dziɖuɖua le klalo be yeaɖe gbeƒã asi yeye siwo woatsɔ akpe ɖe kokoo ƒe asiwo ŋu le kwasiɖa si gbɔna ƒe ŋkeke gbãtɔ dzi ne wodze ɣeyiɣi kple teƒe siwo woawɔ kokoo la gɔme.,The government is ready to announce the new prices that would be added to the coco prices on the first day of the week coming when they launch the time and places for the cocoa.,The government is planning to introduce new lockdown measures that will be added to the existing ones starting from the first day of next week to determine the time and places where the cocoa (season) will begin.,run_1
Nutoa me ŋgɔnɔlawo ɖoe be yewoakpɔ ale si nutoa me tɔwo wɔa dɔe.,Local leaders have plans underway to ensure regional development .,The leaders of the organization decided that they would observe how the members of the organization carry out the work.,run_1
"Le esiawo katã me la, NPP ƒe Sewɔtakpekpe me tɔwo meda asi ɖe NDC ƒe Sewɔtakpekpe me tɔwo ƒe biabia dzi o. Woɖe eme be togbɔ be yewodi be woaɖe Ganyawo ƒe Dɔdzikpɔla le dɔme hã la, yewoazã yewoƒe ŋutetewo.","Within all this, the NPP Members of Parliament did not support NDC Members of Parliament request. They explained that although they want the Finance Minister to be sack but they will use their means","In all of these, the NPP's Constitutional Review Committee members did not respond to the NDC's Constitutional Review Committee members' questions. They explained that even though they would like to remove the Director of Elections from office too, they would use their own methods.",run_1
"Ebia tso dziɖuɖua si be wòava kpe ɖe Bomaaman ŋu, elabena wokplɔa wo yia afisiafi","He asked the government to come to the aid of Bomaaman, because they are taken away everywhere","Perhaps from the slavery that would come to affect the Bomaaman (Ashanti nation), because they were being taken everywhere",run_1
"Ŋku- bli, karɔt, koklozi, ayi, atadi, salmon, nagoti.","Eyes- maize, carrots, eggs, beans, pepper, salmon, sweet potato.","Avocado, carrot, egg, palm nut, garlic, salmon, walnut.",run_1
Akɔntabubudɔwɔƒea awɔ etɔ sinua axe fetuawo ɖe game dzi.,The accounts office will do its best to pay the salaries on time.,The accounting department has published the third quarter financial statements.,run_1
"Sɔhɛ aɖewo metea ŋu xɔa dɔ le sukunuwuɣi o, gake eda ga geɖe ɖe eƒe dɔwo me le nutoa me be wòakpe ɖe nyɔnuwo ŋu be woadzidze aƒemedɔwo ɖe edzi.","Some youths fail to get jobs after graduation, but he has injected more money into his businesses in the area to help women increase household income.","Some men cannot get jobs after graduation, but he invests a lot of money in his work at home to support women so that they will take up household chores.",run_1
"Ame aɖewo mehiã ale gbegbe be wometea ŋu wɔa atikewɔnyawo o, eye zi geɖe la, woɖea wo ɖe aga le woƒe aƒewo me.",Some people are too poor to access medical services. They are usually quarantined in their homes.,"Some people do not necessarily need to be constantly doing crafts/handiwork, and sometimes, they display them in their homes.",run_1
"Azɔ hã, nyɔnu tsitsi aɖe tso fofoa ƒe ƒomea me xɔ ɖevia eye wòtsɔ avɔ ɣi tsyɔ ɖevia dzi eye ɖevia tasi ayɔ ŋkɔ si vifofoa di be yeatsɔ ana ɖevia.","Also, an old woman from the family of the father recived the child and cover the child with white cloth and the aunty of the child will mention the name that the father wants to give it to the child.","Also, an elderly woman from the father's family received the child and wrapped the child with a white cloth, and the child clapped to accept the name that the child's father wanted to give the child.",run_1
Ametafatafae nye be woaxɔ ga le ame aɖe si anukwaremaɖimaɖitɔe to ametafatafa alo ameflunyawo me.,Swindle is to get money dishonestly from someone by cheating or deceiving them.,Fraud is when someone receives money from another person who is innocent through fraud or deceitful means.,run_1
"Sitsoƒedila aɖewo mate ŋu ade dɔwɔƒea o, elabena ame geɖewo dze dɔ le ɣleti sia dzi.",Some refugees cannot attend the workshop because many have fallen sick this month.,"Some staff members will not be able to join the workplace, because many people fell ill this month.",run_1
Nutomekɔmitia kpɔa ame siwo le nutoa me ƒe dedienɔnɔ dzi.,The district committee is responsible for the security of the people in the area.,The committee looks at the dedication of the members of the organization.,run_1
Míate ŋu akpɔ ŋutete siawo ƒe akpa gãtɔ le ɣeyiɣi aɖewo me.,Most of the skills can be acquired over a given period of time.,We can see the majority of these behaviors at certain times.,run_1
"Abe alesi hamemetsitsiwo gblɔe ene la, gbeɖeka le susu aɖe ta míelɔ̃a kpakpaluʋui ƒe dzoa yiyi.","As the elders have said, one day for a reason we love to go to the quail fire.","As the elders say it, for a certain reason we love attending the festival of the chameleon.",run_1
"Togbɔ be atike aɖeke meli fifia o hã la, blanuilélenutsitikewo kpena ɖe ame mawo ŋu be woanɔ te ɖe enu vivivi.","Although there is no cure at present, antidepressants help such people to cope slowly.","Even though there is no cure currently, painkillers help those people to endure the pain gradually.",run_1
Wona nɔvinyenyɔnu dzea dɔnɔa ƒe ɖɔktawo gbɔ.,My aunt was promoted to the position of senior doctor of the hospital.,She takes the sick child to the doctor.,run_1
"Esi afɔdzia ƒoa ƒu nɔa afima ŋkeke geɖe ta la, ame la sena le eɖokui me be agba le yeƒe ali kple axame me.","Because the solid waste gathers and remains there for days, the person feels heaviness behind the loins and the abdomen.","When a boil stays on the foot for many days, the person feels within themselves that there is a heavy burden on their path and in their life.",run_1
Anyigbatata ƒe akpa aɖee nye ale si nàde dzesi mɔnu siwo katã ado dzidzɔ na amee.,Mapping an area involves identifying all the boundaries for the area of interest.,One aspect of humility is to be able to identify all the ways that will bring joy to a person.,run_1
Nu siawoe nye vifofo si aƒle wo dome akpa gãtɔ.,These things is the father who will buy most of them.,These things are the childhood that binds them together the most.,run_1
"Zi geɖe la, wozãa agbeli aŋgbawo alo aŋgba bubu si sɔ na esia.",They usually use cassava leaves or a similar leaf for this.,"Sometimes, cassava peels or other peels similar to this are used.",run_1
Woawɔ kpekpe kpui aɖe atsɔ adzro mɔ si dzi sitsoƒedila siawo ato ayi ŋgɔe me.,There will be a brief meeting to discuss the way forward for these refugees.,A small bridge has been built to block the path through which these immigrants will pass.,run_1
"Ke amekae nènye be nàgblɔ na nunɔla la be eƒe aɖuwo biã? Ne èfe kplii hã la, atsɔ wò ade gaxɔ me.","but who are you to tell the priest that his teeth are red? If you play with him too, he will put you in prison.","Who are you to tell the cook that their food is tasteless? Even if you are right, they will throw you into prison.",run_1
"Nusi wogblɔna zi geɖe enye be, ne nyɔnua wɔe nenema la, ana vidzĩ si le dɔ me madze tugbe alo dze de ka o.","What they normally say is that, if the woman does that, it will make the unborn baby not to look beautiful or handsome.","What is often said is that, if the woman does the same, it will cause the baby in the womb not to be healthy or not to survive.",run_1
Woakpɔ mɔnu siwo katã wozãna tsɔ wɔa dɔ nyuie la dze sii.,All techniques used in improving production will be seen.,They will ensure that all the tools/resources used for doing the work well are available.,run_1
"Le afisia hã la, mɔzɔla siwo tso Accra yi Tamale axe GH 240.00. Mina míalé ŋku ɖe asi yeye siwo VIP JEOUN ɖe gbeƒãe fifia ŋu","Again, travelers from Accra to Tamale will pay GH?240.00. Lets look at the new prices VIP JEOUN has now announced","Here too, travelers from Accra to Tamale pay GH 240.00. Let us look at the new prices that VIP JEOUN has announced now",run_1
"Àɖo ŋku edzi be míekpɔe le sinima aɖewo abe ""The weeping soul, The maid, Dumebi the dirty girl, Heart of a fighter""  kple sinima bubuwo me.","You will recall that we saw her in some movies like ""The weeping soul, The maid, Dumebi the dirty girl, Heart of a fighter"" and other movies.","She has been featured in some movies like ""The weeping soul, The maid, Dumebi the dirty girl, Heart of a fighter"" and other movies.",run_1
Wode asi nubabla aɖe te ɖe nutome gãwo ƒe dɔwɔwɔ ŋu,An agreement was signed for regional development .,They have imposed some restrictions on the operations of large corporations,run_1
"Zi geɖe la, hamemegãwo ɖea nunya si le ""ƒoƒo atraɖii, gbãa ati"" me fiana.","The elders often express the wisdom of ""continuous hitting, breaks the wood.""","Sometimes, the big hammers reveal the knowledge contained in ""striking differently, breaking and"".",run_1
Menye ɖeviwo katãe nèdina ne ètsi o.,Not everything you want as a child you get when you grow old.,It is not all children that you should beat before they stop.,run_1
Ame sia ate ŋu ata avɔ sia atsɔ aɖo dzesiwo ɖe amesiwo nɔa te ɖe eŋu la ŋu.,This person can wear this cloth to send signals to those who depend on him.,Anyone can wear this cloth to send signals to those who are watching them.,run_1
Ele be ŋutsuwo nate ŋu awɔ dɔ sesĩe ale be woakpe ɖe yewoƒe ƒomea ŋu.,Men must work hard in order to support their families.,It is expected that men should be able to do hard work so that they can contribute to their community.,run_1
Edze egɔme va se ɖe esime wònɔ tɔdziʋu aɖeke me o va se ɖe esime wònɔ tɔdziʋua me.,She started without a having designate orphanage house until she owned one.,"It persevered and came to an end at a time when it was in no harbor at all, came to an end while it was in the harbor.",run_1
Ele be woadze agbagba ɖesiaɖe awɔ wɔna kple nuƒo vovovowo le teƒe siwo le se nu alo le dziɖuɖua ƒe xɔwo me;,They must make every effort to hold various events and lectures in lawful places or buildings of the government;,It is required that every shelf be made with different materials and fasteners at places that are under tension or in the rooms of the building;,run_1
"Le esi teƒe be woazã aŋgbawo le mɔ xoxoa nu atsɔ axlɔ̃ nu amewo tso mɔ̃ siwo me afɔku le la ŋu la, fifia wotea avɔ dzĩwo ɖe mɔ̃ vɔ̃ɖiawo ŋu.","Instead of the old method of using leaves to alert people about the deadly traps that have been set, strips of red cloth are now knotted around the harmful traps.","Instead of using stretchers on the old road to carry people from potholes/ditches where there were accidents, now they spread cloths over the dangerous potholes/ditches.",run_1
Eŋutinunyalawo kple dɔwɔƒegã siwo ate ŋu akpɔ nutoa me dziɖuɖu ƒe dɔwo gbɔ le nutome la me.,The district has experts and bureaucrats who can handle local government projects.,Nutritionists and large organizations that can see the nutritional needs in the community.,run_1
"Le míaƒe dzɔdzɔmeŋutinunya gɔmesese si le ta kekem ta la, womegatsɔa dɔléle siwo xɔa ame me doa ƒome kple dzixɔse siwo do xoxo o, ke boŋ wozãa atikewɔwɔmɔnu deŋgɔwo tsɔ daa dɔe.","Because of our expanding understanding of science, infectious diseases are no longer associated with outdated belief systems and are instead treated using cutting-edge medical procedures.","In our traditional understanding of medicine, they did not usually distinguish between diseases that affected a person internally and long-standing ailments, but rather they used various herbal remedies to treat them.",run_1
Ghanaitɔ geɖewo ahe to na ame ale gbegbe nenye be coronavirus le abe Ebola ene,Many Ghanaians would be so disciplined if coronavirus was like Ebola.,Some Ghanaians would have been dying like flies if coronavirus were like Ebola,run_1
Nutomeƒlelawo nye dugã ƒe teƒenɔlawo le woƒe nutoa me.,Resident district commissioners are representatives of the president in their district.,Retailers are agents of large companies in their business.,run_1
"Esi woɖe asi le eŋu le gaxɔ me le ƒe 1966 me la, Dr.Ebenezer Ako-Adjei megakpɔ gome le Ghana dunyahehe me abe alesi wòwɔe tsã ene o.","After his release from prison in 1966, Dr.Ebenezer Ako-Adjei no longer participated in Ghanaian politics as he had done before.","After he was detained in 1966, Dr. Ebenezer Ako-Adjei never again found a place in Ghana's politics as he once did.",run_1
Woƒe fia kɔkɔtɔ enye Asante fia Dwaben fia Nana Yaw Sarpong nye wo vi atɔ̃lia.,Their highest king is Asante king the king of Dwaben Nana Yaw Sarpong is their fifth child.,Their paramount chief is the Ashanti chief Dwaben chief Nana Yaw Sarpong and his third child.,run_1
"Woƒe kɔnyinyiwoe nye be woanɔ fia vɔ̃ɖi si nye Togbe Agorkoli (Agorkoli) te, eye ale be woate ŋu asi le eƒe dziɖuɖu sesẽ la me ale be woawɔ do aɖe le gli si ƒo xlã woƒe dua me la me.","Oral tradition has it that they lived under a wicked king, Togbe Agorkoli ( Agor Akorli), and in order to escape his tyrannical rule they had to create a hole in the mud wall that surrounded their town.","Their plan was to remain under the tyrannical king who was Togbe Agorkoli (Agorkoli), and that they could escape from his harsh rule by making a hole in the wall that surrounded their town.",run_1
Nɔ ŋudzɔ ɖe ame si nèɖe asi le viwòa ŋu la ŋu!,Be careful with the person you leave your child with!,Be patient with the person you are holding the child for!,run_1
"Te ɖe amesiwo doa dzidzɔ na wò ŋu, eye nàyi teƒe siwo ana nàkpɔ dzidzɔ.","Approach those who make you happy, and go to places that make you feel happy.","Stay close to those who bring you joy, and go to places that will make you happy.",run_1
Womete ŋu wɔ ɖoɖo ɖe ʋuɖoɖoa ŋu le ga sue si le wo si ta.,They failed to organize the transport because of the limited funds.,They were able to make arrangements for the journey because of the small amount of money they had.,run_1
Ele be amewo nakpɔ gome le asitsatsa me eye woana woaƒe gbe nanyo ɖedzi.,People should engage in business and improve their standards of living.,It is necessary that people look at the bottom/foundation in trading/business and improve their language/voice.,run_1
"Le afisia hã la, nu etɔ̃liae nye koklolã si woɖa.","Again, the third ingredient is cooked chicken.","Here too, the main dish is chicken that is fried.",run_1
"Ne èlia ati nyui aɖe si me atikutsetsewo le lae míenaa tutu wò be nàŋe, elabena wonya be ne edo nyuie la, yewoƒe gome anɔ yewo si.","it is when you climb a good tree with fruits that we give you a push so pluck, because they know when it comes out good, they will have their share.","If you are cutting down a good tree in which woodpeckers are nesting, we advise you to let it stand, because they know that if it takes root well, its fruit will be in their hands.",run_1
"Hekpe ɖe gadzraɖoƒewo ŋu la, afi kae nutoa me akpa gãtɔ zãa ga le?","Besides banks, where do most locals borrow money from?","When it comes to spending at shopping centers/stores, where does the man spend the most money?",run_1
1. Ŋutinyagbɔgblɔ: Esia nye fefe ƒomevi aɖe si ame tsitsiwo kple ɖeviwo siaa ate ŋu awɔ. Fefe sia ƒomevi nyea fiẽsi me esime dzinu bliboa dzena zi geɖe,1. Storytelling: This is a type of game that can be play by both old and young. This type of game is mostly play in the evening when the full moon is visible,Autobiography: This is a type of writing that both adults and children can do. This type of writing becomes interesting when the whole body is mentioned several times,run_1
Wobia tso asitsalawo si be woalé lãmesẽnyawo ƒe mɔfiamewo me ɖe asi hafi ate ŋu anɔ te ɖe dɔlélea nu.,Market vendors were asked to follow the health guiderines to survive the pandemic.,They called on the nurses to wash their hands in the corridors of the diseases before they could attend to the patient.,run_1
"Hafi amewo nakpɔ nunya le dɔwɔwɔ kple mɔ̃wo me la, kadodomɔnu kple alesi wonɔa agbee nɔ Akantɔwo si.","Before people got wisdom in working with machines, the Akans had ways of communication and how they led their life.","Before people could gain knowledge in work and ways of life, customs and how to live were in the hands of the Akan people.",run_1
"Togbɔ be dɔléle sia mebɔ ɖe ame geɖe me o hã la, afɔku le eme na amesiwo ŋu dɔléle sia le ŋutɔ.","Although this disease is rare in many people, it is very dangerous for those who have this disease.","Although this disease does not affect many people, there is a risk of death for those who actually have this disease.",run_1
Dukplɔla ƒe kpeɖeŋutɔ si li fifia nye tiatiawɔha ƒe zimenɔla tsã.,The current vice president previously served as chairman of the electoral commission.,The current deputy of the leader is the former chairman of the opposition party.,run_1
Wode se nɛ tso afima be wòaɖo dze kple Chelse ƒe ƒuƒoƒoa ƒe dɔdzikpɔlawo le telefon dzi.,They instructed him from there to have a chat with the Chelse team managementon phone.,It is heard from there that he has been in contact with Chelsea's training facility's administrators on the phone.,run_1
"Ele be woabu dziɖuɖumegãwo ƒe dzeɖoɖowo ŋu vevie, elabena zi geɖe la, nyatakaka veviwo, mɔfiamewo alo mɔfiame vevi siwo dzi dziɖuɖua le la gblɔm.","Official communication should be taken seriously, as it often conveys important information, instructions, or policies from authoritative sources.","It is important to carefully review the decisions of major courts, because often, important facts, precedents, or key precedents on which the court relies are being stated.",run_1
Ɣeyiɣi didi: Dɔmeɖui si nɔa anyi ɣleti ade alo esi wu nenema.,Long-term: Constipation that lasts for six months or more.,Chronic diarrhea: Diarrhea that lasts for some months or more than that.,run_1
Ele be woadze agbagba akpɔ kuxi tɔxɛ siwo nyɔnuviwo doa goe le sukudede le dukɔa me gbɔ.,Efforts need to be made to address the specific challenges faced by girls in accessing education in the country.,They need to make efforts to look into the root causes that girls drop out of school in the country.,run_1
"Le nyateƒe me la, dɔléle siawo ate ŋu agblẽ nu le míaƒe ŋutilã hã ŋu.",The reality is that these illnesses can actually harm our bodies as well.,"In truth, these diseases can also cause damage to our bodies.",run_1
Alhaji Abubakari Alhassan ɖe kuku na dziɖuɖua be ne sẽ eƒe sewo me le eƒe mɔzɔzɔ kple galamsey me ale be woateŋu alé kokoo kple eƒe nyawo me ɖe asi.,Alhaji Abubakari Alhassan has made a plea to the government that he should tightened his rules in his journey against galamsey so that they can maintained the cocoa and its issues.,Alhaji Abubakari Alhassan appealed to the public to strengthen its laws in its movement against galamsey so that they can get the cocoa and its issues under control.,run_1
"Wogale wo dometɔ aɖewo zãm, gake womegale wo dometɔ akpa gãtɔ zãm o.","Some are still in use, but the majority are no longer in use.","Some of them are still being used, but most of them are no longer being used.",run_1
Nufialaa dze dzeɖoɖo aɖe gɔme kple eƒe sukuviawo.,The teacher started a general conversation with her students.,The teacher started a discussion with his/her students.,run_1
"Nyɔnuviawo nɔa wo dada, si nye agbledela dovevienu ŋutɔ la gbɔ.","The girls live with their mother, who is a very hardworking farmer.","The girls stayed with their mother, who was herself a poor farmer.",run_1
"Le ƒe alafa 16 lia ƒe nuwuwu la, Ghana-dukɔ akpa gãtɔ nɔ teƒe siwo yi egbea.","By the end of 16th century, most of the ethnic groups constituting the modern Ghanaian population had settled in their present locations.","In the 16th century activities, the greater part of the Ghana nation was in the areas that exist today.",run_1
Rukia kple Asana ƒe dɔwɔƒea tsi nyuie eye wowɔ ɖoɖo ɖe dɔa ŋu ɣesiaɣi.,Rukaya and Asana's workspace was always neat and organized. They always made sure to put everything in its proper place.,Rukia and Asana's workplace is clean and they make arrangements regarding the work every time.,run_1
Gadɔwɔla siwo le asitelefon dzi kpɔm la mekpena ɖe wo ŋu le gadzɔdzɔ ta o.,Mobile money agents are receiving less commission because of mobile money tax.,Advertisers who are watching on smartphones do not persist with them because of the cost.,run_1
"Numekukuwo ɖee fia gɔ̃ hã be, ame aɖewo xɔ abi vevie, esime wonɔ agbagba dzem be yewoage ɖe eme.","Investigations even showed that, some people were severely injured, when they were straggling to get inside.",Earlier reports also indicated that some people sustained serious injuries while they were struggling to get inside.,run_1
"Ame siwo le Portland, si nye Oregon, si nye ""Portal Homowo kple Venyɔnuviwo Ƒe Ŋkekenyui "" (Portalland Homowo Ƒe Agbalẽ Gã) la wɔe be yewoaɖu ŋkekenyui le yewoƒe aƒemetɔwo gbɔ.","Ga people living in Portland, Oregon host the ""Portland Homowo & Twins Festival"" to celebrate alongside their native counterparts.","The people in Portland, which is in Oregon, who are the ""Portal Homowo and Cultural Festival"" (Portalland Homowo Grand Festival) organized it so that they would celebrate the festival with their family members.",run_1
"Le afisia hã la, wotsɔ woƒe kotokuwo eye wodzra woƒe tu siwo me tɔsisi Twi tsrɔ̃e ɖo la ɖo.","Again, they took their sacks and kept their guns in which made river twi destroyed it.","Here too, they took their bags and sold their guns in which Twi gunpowder was loaded.",run_1
Nu kae wòle dziɖuɖu si le nutoa me kple susu be tsitsi ɖe dzi na va miaƒe nutoawo me?,What should be done by local government to develop their local areas?,What are you eating in the farm with the thought that growth will come to our farms?,run_1
Ame tsitsiwo ƒe xexlẽme sɔ gbɔ le sitsoƒedilawo dome.,There is a big percentage of older people among the refugees.,The elderly people's reading glasses are popular among the retirees.,run_1
Coronavirus le dzidzim ɖe edzi le Ghana ƒe gaxɔwo me eye gamenɔlawo ƒe lãmesẽ va zu nusi ŋu amewo tsi dzi ɖo,There is a rising number of coronavirus cases in Ghana prisons and inmates health is becoming a public concern,Coronavirus is spreading in Ghana's prisons and the health of inmates has become a matter of concern,run_1
Ame eve ƒe ƒuƒoƒo yia tsatsa le kɔƒea ŋu ŋdi sia ŋdi.,A two-person team is to patrol the village every morning.,Two people's fighting/quarreling goes on and on at the court every day.,run_1
Tɔdzisasrãa ƒe dɔa wɔa tɔsisi gbogbo siwo le nutoa me ŋudɔ.,The dam project makes use of the numerous rivers in the area.,The work of the kidney involves filtering all the blood that is in the body.,run_1
"Ne míelé ŋku ɖe eŋu nyuie la, ɣeyiɣi aɖe va yi la, Bonotɔwo ƒe nutoae nye esi woyɔna be Akantɔwo ƒe habɔbɔ.","If we look at it well, some time ago, the Bono community was the one called the Akan community.","If we look at it carefully, at some point in time, the Bonos were actually what is called the Akan group.",run_1
Wodrɔ̃a fɔ nyɔnu aɖe le esi wònye lã si mede o ta.,A woman was convicted for illegal possession of meat.,They roasted a certain animal leg for a woman because it was a type of meat she doesn't eat.,run_1
"Le esia ta la, wokpɔe be woate ŋu awɔ ɖoɖoawo dzi.","In view of this, they realized that the arrangements could be implemented.","Because of this, they found that they could trample on the laws.",run_1
Dɔwɔƒe siwo le dzeɖoɖo me la ɖua nyatakakadzraɖoƒe siwo le Mast,Mast sites are managed by the terecommunication companies.,Factories in the developing world consume broadcasting stations that are in Mast,run_1
"Wogblɔ be yewomada asi ɖe ŋutasẽnuwɔwɔ aɖeke dzi o, woxlɔ̃ nu be aƒo ame alo ame ƒe ƒuƒoƒo ɖesiaɖe si woakpɔ be ele nuwɔna mawo tɔgbe wɔm la nu ƒu eye woatsɔ wo ade asi na sedzikpɔlawo.","They said they would not condone any act of violence, they warned that would round up any person or group of persons found engaging in such acts and hand them over to law enforcement agencies.","They said they will not resort to any use of force, they promised to report any person or any suspicious activity that they find to be perpetrating those criminal acts and hand them over to the authorities.",run_1
Ŋusẽ ƒe ʋiʋli ɖe sia ɖe ate ŋu ana be Ghanaitɔwo ƒe maɖifɔwo naʋã.,Any power struggle can cause displacement of innocent Ghanaians.,Each and every act of violence can cause Ghanaians' hopes to fade.,run_1
"Egblɔ be, ɖoɖo sia nye dziɖuɖumegãwo kple dukplɔla ƒe aɖaŋuɖoha ƒe mɔfiame si wole mɔ kpɔm be adze egɔme le February me","He said that is, this process is the direction of the chief ministers and the presidential advisory board which is expected to start in February",He said that this arrangement is part of the grand plan of the elders and the national leadership's strategic roadmap which they are looking to commence in February,run_1
Agbagbadzedze be woaɖe asrãdɔ ɖa la le edzi yim le Lãmesẽnyawo Gbɔkpɔha ƒe tatɔ me,The efforts to eradicate malaria are underway headed by the Minister of Health,Calls for the removal of the health minister intensify among members of the Public Accounts Committee,run_1
"Wozãa numiemie siawo elabena exɔa ɣeyiɣi didi hafi buna keŋkeŋ le anyigba aɖe dzi, ne wobuna kura gɔ̃ hã.","They use these plants because they take a long time to completely disappear from a piece of land, if they do at all.","They used these soft materials because it took a long time before landing firmly on a particular ground, even when landing a ball too.",run_1
"Le eƒe lɛta si wotso afia nɛ me la, ŋutsu sia ƒe afɔɖeɖea tsi tre ɖe Ekiti Ðeviwo ƒe Habɔbɔ ƒe se si wowɔ le ƒe 2012 ƒe Se 32 ƒe akpa 2 lia me ŋu.","In his sentenced letter, the action of this man is against the Ekiti Children's Foundation law which was made in 2012 Act 32 section 2.","From the content of the letter obtained from there, this man's action contravened Section 32, Subsection 2 of the Ekiti Children's Welfare Law of 2012.",run_1
Ame aɖewo tiae be yewoaʋu ayi teƒe bubuwo le susu siwo tae.,Some individuals choose not to migrate to other areas due to personal reasons.,Some people decided that they would move to other places because of the ideas/reasons that motivated them.,run_1
Asrãdɔlékui sia ate ŋu akaka ɖe amegbetɔwo me to nudzodzoe siwo ŋu dɔlélea le ƒe ɖuɖu me.,The malaria parasite can be spread to humans through bites of infected mosquitoes.,This pharmacist can spread among people through the ways in which the patient is celebrating the festival.,run_1
Vevesese sia ate ŋu axɔ miniti alo gaƒoƒo ʋɛ aɖewo hafi wòaɖe eye woate ŋu azã atike aɖewo atsɔ aɖe vevesese sia dzi akpɔtɔ hena ɣeyiɣi aɖe.,This pain may take a few minutes or hours to resolve and some medications can be used to relieve this pain for a while.,This pain may take some minutes or a few hours before it subsides and they can use some medications to reduce this pain temporarily for some time.,run_1
Ajumako dukɔmeviwo ƒoe ɖe enu be woawɔ dɔ aduadu kple nutoa me dziɖuɖua be woatsɔ atsi aɖitsi ƒe kaka nu.,The people of Ajumako have urged to work together with the local government in order to combat the spread of measles.,The people of Ajumako community embarked on communal labor and farming activities to raise funds to address the long-standing water shortage problem.,run_1
Ehiã be sukudodokpɔkpɔwo nanɔ dzadzraɖoɖi bliboe be woate ŋu asrɔ̃ nu tso sukudɔwɔƒewo ŋu.,School labs need to be fully equipped to handle Chemistry lessons.,It is necessary that school inspections remain sufficiently flexible so that they can adapt to the circumstances of the schools.,run_1
Dziɖuɖumegãwo ƒe hamemetsiwo nye dukɔa ƒe nuto vovovowo.,Members of parliament represent different regions of the country.,The members of the major political parties are the nation's own different individuals.,run_1
"Nya siawo tsɔa agbemenusɔsrɔ̃ kple nunya veviwo ɖe asi. Ne èhe to na wò gɔme la, èƒoa fu ɖe wò dɔgbo me. Nenema ke nunɔla la nɔa anyi ɖe adzɔge be yeƒe du namu, anye eƒe akpa aɖe.","These sayings carry important life lessons and wisdom. If you punish your bottom, you flatulate in your stomach. Similarly, the priest sits aloof for his town to collapse, he will be part of it.","These words carry life experiences and important knowledge. If you understand them, you apply effort in your work. Likewise, the thinker sits at the hearth so that his town may prosper, and it becomes part of him.",run_1
"Ke boŋ ɣeaɖewoɣi la, dɔlélea te ŋu ɖea eɖokui fiana vie alo ɖea dzesiwo fiana be eya hã li.","Instead, sometimes the disease can manifest itself slightly or show symptoms to indicate that it is also present.","In some cases, the patient may be able to show himself/herself briefly or show signs indicating that he/she is also present.",run_1
Nuɖaɖavi bubuwo akpe ɖe ŋuwò be woakpɔ nutoa me ta.,Alternative cooking sources help to preserve the environment.,Other researchers will add to it to further investigate the matter.,run_1
Wode kpovitɔ aɖe gaxɔ me le esi wòzã adzɔxelawo ƒe ga le mɔ gbegblẽ nu le ɣleti si va yi me. ta.,A certain officer was imprisoned for misusing taxpayers money last month.,A blind person was jailed for spending money meant for the disabled on road destruction last month.,run_1
"Fifia, ne ame akpa gãtɔ kpɔ dzesi dzĩ sia la, wokpɔa lɔlɔ̃, ŋusẽ kple ɖekawɔwɔ.","Now, when most people see this red symbol, they see love, strength and togetherness.","Now, when the majority of people look at this star, they see love, strength and unity.",run_1
"Wo dometɔ aɖewoe nye hadɔwɔlawo ƒe agbanɔamedziwo, gake ne ɖeko wòbia la, dzi dzea eme.",Some raised issues are company obligations but all he's asking for is calmness.,"Some of them are leaders of workers' unions, but if you just ask, the heart goes into it.",run_1
Menye teƒe ɖe sia ɖe si le dukɔa me lae sɔ be woatu xɔa o.,Not every place in the country is suitable for construction of the borehole.,Not every place in the country is suitable for building the house.,run_1
Dzila aɖewo mexɔa wo viwo be woaƒo asa na alakpanyawo atike vɔ̃ɖiwo o.,Some parents didn't take their children for immunization upon rumours of fake drugs.,Some parents do not allow their children to clap for magicians' magic tricks.,run_1
Woɖo aɖaŋu na ɖeviwo be woasrɔ̃ nu tso sukudede ŋu.,Children are advised to be positive about education.,They encouraged the children to be enthusiastic about going to school.,run_1
Tɔdziʋua dze anyi le ta la me eye ame geɖe ku.,The ferry capsized in the lake and killed a number of people.,The helicopter crashed and many people died.,run_1
Tsi dzadzɛa akpe ɖe mía ŋu míawɔ avu kple dɔléle siwo tsoa tsi me.,The clean water will help in the fight against waterborne diseases.,The flood thanked us by giving us dogs and diseases that come from water.,run_1
"Ne amesiwo le liƒoa dzi dometɔ ɖeka ɖee ɖa gɔ̃ hã la, egatsina ake.","Even when one of those sharing the boundary uproots it, it grows again.","If even one of those in the house also cooks a meal, it will be enough.",run_1
Wotsɔa gbemelã saa vɔe eye esia fia Aboakyertɔwo ƒe azãɖuɖu ƒe gɔmedzedze.,The bushbuck is sacrificed and this signifies the start of the Aboakyer festival.,They use a live animal to sacrifice and this shows the origin of the Aboakyer festival.,run_1
"Le nyadzɔdzɔwo me la, nudzɔdzɔ wɔnublanui sia dzɔ le Fianyɔnua ƒe aƒeme. Fianyɔnua ƒe ŋkɔ ŋutɔŋutɔe nye Elizabeth Alexander Mary Windsor.","In the news, this sad incidence occurred at the Queen's house. The Queen''s actual name is Elizabeth Alexander Mary Windsor.","In the chronicles, this important event took place in the Royal household. The Royal's real name is Elizabeth Alexander Mary Windsor.",run_1
Dukplɔla wɔ takpekpe eye wodzro dedienɔnɔnyawo me le Ghana ƒe dɛwo dzi.,The president held a meeting to discuss security lapses on the Ghanaian borders.,The leader held a meeting and they discussed development issues concerning Ghana's debts.,run_1
Abe alesi aƒetɔ tsitsia gblɔ nya sia kple gbe bɔbɔe ene la: geɖe wu na eɖokui wu eƒe zɔhɛ: eye esi wòzi ɖoɖoe ɣeyiɣi kpui aɖe le ema megbe la: Oliver bɔbɔ nɔ anyi kpoo.,As the old gentleman said this in a low voice: more to himself than to his companion: and as he remained silent for a short time afterwards: Oliver sat quite still.,"Just as the old gentleman said these words in a very kind tone: the strain was too much for his strength: and after standing still for a brief moment thereafter, Oliver quietly fainted and fell to the ground.",run_1
"Nu si wowɔna na vidadaa kple vidzĩa enye be, wonaa gbetike wo be woano ale be vidadaa kple ɖevia nakpɔ lãmesẽ nyui.","What they do for the mother and the baby is that,they give them herbal medicine to drink so that the mother and child will have good health.",What is done for the nursing mother and the newborn is that they are given herbs for them to drink so that the nursing mother and the child will be in good health.,run_1
"Ametsitsiwo, dɔnɔwo, kple ame akpe aɖewo abe ŋkuagbãtɔ Akua Mansa kple Akosua Serwaa si xɔ ƒe 90 ene gblɔ be vovo mele yewo ŋu kura ne wole atike dim o","The elderly, the sick, and some thousands like 90-year-old blind Akua Mansa and Akosua Serwaa say they are very busy when it comes to seeking treatment.","Elders, sick people, and some other individuals like the blind Akua Mansa and 90-year-old Akosua Serwaa said they have no difficulty at all in seeking medicine",run_1
"Ne edze ƒoƒo ɖe edzi la, ate ŋu atso amea ƒe nuɖuɖu kple ami ƒe ƒuƒoƒo gbɔ.","When it starts to build up, it may be caused by the person's diet and fat accumulation.","When it becomes severe, it can reduce a person's appetite and fat absorption.",run_1
"Le ƒe 1964 me la, Nkrumah yi Dukɔwo Ƒe Dɔwɔwɔ Ðoɖo Ƒe Adre Na Dukɔwo Ƒe Xɔtudɔ Kple Dɔwɔwɔ Ƒe Dɔwɔwɔ Ƒe Dɔwɔwɔ Ƒe Dɔwɔwɔ Ƒe Dɔwɔwɔ Ƒe Dɔwɔwɔ me, eye wògblɔ be suku vevitɔ si wɔa dɔ le ŋgɔ tsɔ wɔwɔm la gbɔ eye wòbia be woakeke suku bubuwo ɖe edzi.","In 1964, Nkrumah brought forth the Seven Year Development Plan for National Reconstruction and Development, which identified education as a key source of development and called for the expansion of secondary technical schools.","In 1964, Nkrumah went to the United Nations Conference on Trade and Development, and he stated that the primary school that was functioning previously should be built upon and that other schools should be added to it.",run_1
"Tsãtɔa nyea agbanɔamedzinɔla nenema ke le afisiafi si wotsɔe da ɖe sinimaɖeɖe me - (eɖanye nugbugbɔgbugbɔ, gbɔdɔdɔ, awu ɖeɖe le eƒe awudzraɖoƒe alo nu bubu aɖe si le abe ema ene o.) Ema hã eye wòna wonyae nyuie le sinimawɔƒewo.","The former used to be equally obliging wherever she was placed in filming - (whether kissing, having sex, undressing in her wardrobe or something else like that.) That too and made him well known in the film industry.","The writer gave me a similarly versatile actor in every scene he was put into in the film - (whether it was comedy, drama, dressing up in his wardrobe or anything else of that sort.) That too and he was well recognized in the film studios.",run_1
"Nyateƒee, ga nye nusi ame sia ame hiã le eƒe agbe me be wòate ŋu aɖɔ nuwo ɖo.","Of course, money is something that everyone needs in their life in order to make things right.","Truly, money is what everyone needs in their life so that they can buy things.",run_1
Ame aɖewo hã yɔnɛ be Tanogbe.,Some also call it the Tano language.,Some people also call it Tanogbe.,run_1
Agbledela geɖewo adze le wo ɖokuiwo si to ɖeɖefia sia dzi.,More agriculturalists will get exposure through this exhibition.,Some farmers will take care of themselves through this demonstration.,run_1
Nuƒoƒo tẽ ƒe habɔbɔ siwo le sukuwo fia nu sukuviwo tso ƒewuiwo ƒe ɣeyiɣia ŋu.,Straight talk clubs in schools have educated students about the adolescent stage.,Archaeology clubs in schools teach students about ancient times.,run_1
"Azɔ hã, ne xewo va le nu gblẽm le agblea ŋu to nukuwo ɖeɖe me la, vɔvɔ̃donu aɖe dada ɖe afima ado vɔvɔ̃ na wo.","Also, when birds take to disturbing the farm by uprooting the crops, putting a scarecrow there will scare them away.","Also, if birds come to destroy crops in the farm by pecking at them, placing some scarecrow there will scare them away.",run_1
"Zi geɖe la, amedzro siwo va srãa wo kpɔ la kpɔa dzidzɔ ne woyi teƒe yeyewo hena fefe siwo wowɔna le duta. Ele be bɔlƒoha la natu amedzrodzeƒe siwo ame siwo doa vivi ɖe bɔlƒoƒo ŋu anɔ.",Visiting fans usually have fun when they go to new places for away games. The football club should build hotels where the fans can stay.,"Sometimes, the visitors who came to watch were happy when they went to new places for the celebrations that were held in the community. The club needs to build accommodations where those who are passionate about football can stay.",run_1
Amesiwo dze egɔme hã doa alɔ ŋgɔyiyi ƒe ɖoɖo siwo wowɔna le woƒe nutoawo me la ƒã.,The initiators also barely support the development programs in their communities.,Those who are involved also support the progressive policies that are implemented in their own communities.,run_1
Akɔntabubu le vevie ŋutɔ le dɔwɔƒe.,Accountability is so important in a work place.,Accounting is very important in the workplace.,run_1
"Kpovitɔwo ɖe gbeƒã hã be woaxe fetu si nye GHC2,000.00 na amesiame si ateŋu akpeɖe wo ŋu be woanya susu si tututu ta wòwɔe nenema, si na wolée.","Police have also announced a reward of GHC2,000.00 for anyone who can help them find out the exact reason why he did that, that has caused his arrest.","The kidnappers also demanded a ransom of GHC2,000.00 per person who could contact them to know the exact reason why they did it, before they would release them.",run_1
Aʋawɔwɔ le anyigba ta gakpɔtɔ le amewo dome le kɔƒenutowo me.,There are still land conflicts among people in the rural areas.,War on earth is between the rich among people in the nations.,run_1
Dziɖuɖua mena ga be woatu mɔ aɖewo le nuto aɖewo me o.,The government does not allocate funds to construct some roads in some areas.,The joy is not just about opening roads in certain forests.,run_1
Ele be nutome la naxɔ senyalawo ƒe ƒuƒoƒo aɖe be wòafia mɔ wo le senyawo me.,The district should recruit a legal team to guide them in legal processes.,It is necessary that the community adopts some form of interpretation of the laws to show that they understand the laws.,run_1
"Le ŋkeke ʋee siwo va yi me la, elektrikŋusẽ do go kuxi siwo wɔe be amesiwo di be yewoaƒle akaɖiwo mete ŋu kpɔ ɖeka o.",In the past few days electricity has been facing problems that have prevented those who want to buy lights from getting one.,"In the past few days, power outages caused concerns that made it impossible for those who wanted to buy batteries to find any.",run_1
"Enye fefe dodzidzɔname aɖe. Ha siwo wodzina le fefea me la dometɔ aɖewoe nye ""Pempenaa, Nanaa!Kpɔ, kpɔ, kpɔ, kpɔ dada koo..."". Woƒonɛ zi geɖe le ŋdɔ me.","It is an interesting game. Some of the songs sing during the game is in session is ""Pempenaa, Nanaa!See, see, see, see dada koo..."". It is mostly played in the afternoon","It is a certain traditional festival. Some of the songs that are sung during the festival include ""Pempenaa, Nanaa! Kpɔ, kpɔ, kpɔ, kpɔ dada koo..."". It is performed several times in public.",run_1
"Kplɔla siwo tso Nadowli-Kaleo Nutome, Bulisa, Jirapa Dudzikpɔha, kple Talensi Nutome ƒo ƒu lɔ̃ be yewoawɔ dɔ abe ƒuƒoƒo ene.","The leaders from Nadowli-Kaleo District, Bulisa, Jirapa Municipal Assembly, and Talensi District together agreed to work as a team.","Leaders from the Nadowli-Kaleo District, Bulisa, Jirapa Municipality, and Talensi District pledged to work as a team.",run_1
Coronavirus dɔvɔ̃a gblẽ nu le dukɔ bliboa ŋu vevie eye dukɔ bliboa awɔ aʋa kple coronavirus dɔvɔ̃a le míaƒe dua me.,The whole country is highly affected by the coronavirus pandemic and there will be a national fight against the coronavirus pandemic in our town.,The Coronavirus disease has seriously affected the entire nation and the entire nation will fight against the Coronavirus disease in our country.,run_1
"Ŋutsuawo nedzi hadzidzi, Eye nyɔnuwo nenɔ ɣe ɖum.","Let the men do the singing, and the women do the dancing.","Men should be brave, and women should be patient.",run_1
Anyigba ŋuti nyaʋiʋliawo na amewo bu amewo ƒe agbe kple nunɔamesiwo le Agona Swedru,The land disputes resulted in loss of lives and properties in Agona Swedru,Environmental offences make people undervalue people's lives and welfare in Agona Swedru,run_1
Nkyinkyim nye nyakpakpa aɖe si le Fantetɔwo ƒe ŋutinyawo me si le abe nuwɔwɔ si ƒe nɔnɔme le abe zigzag ene. Woxɔe se be ekpɔa teƒe kɔkɔewo ta eye be ekpɔa ame ta le gbɔgbɔ me.,"Nkyinkyim is a mythical creature in Fante folklore that takes the form of a twisted, zigzag-shaped creature. It is believed to guard sacred places and is associated with spiritual protection.","Nkyinkyim is a symbol in Fante culture that represents a zigzag-like pattern. It is strongly believed to represent initiative and versatility, and that it watches over people spiritually.",run_1
"Vevienyenye aɖewoe nye, ekpena ɖe mía ŋu míenya alesi xexeame le zɔzɔm, ekpena ɖe mía ŋu míeɖoa dze kple dukɔ vovovowo, enaa míekpɔa dzidzɔ kple bubuawo.","some of the importance are, it helps us to know how the world is moving, it helps us to communicate with different peoples, makes us happy and so on.","Some of its importance is, it helps us to understand how the world is changing, it helps us to interact with different nations, it gives us joy and others.",run_1
Dziɖuɖudɔwɔlawo ƒe Habɔbɔ gblɔ le kpekpe aɖe si wowɔ tsɔ dzro fetu dzi ɖeɖe kpɔtɔ ƒe aɖaŋuɖoɖoa me be yewole te sesĩe.,The Association of Government Workers stated at a meeting held to discuss the salary increment proposal that they firmly stand their ground.,The Dietitians' Association said in a statement responding to the fee increase proposal that they are strongly against it.,run_1
Nutomea ƒe ŋgɔnɔla xɔ dzɔla yeye ɖe dɔ me le asi me.,The district leader has employed a new watchman in the market.,The leader of the organization received a new employee at work.,run_1
Ele be míana xɔseha siwo le nutoa me nakpɔ gome le sɔhɛwo ƒe gbɔdɔdɔ ŋuti nufiafia me.,We should involve the local faith communities to educate the youth about sex education.,[We need to receive the signals that are in the device and interpret them in the context of the demonstration on the development,run_1
"Azɔ hã, ele tsi ɖevia, dzraa eŋu ɖo eye wònɔa fofoa ƒe ƒometɔwo lalam.","Also, she baths the child, dressed and wait for the family of the father.","Azɔ too, she was still a child, dressed up and going around greeting the groom's family members.",run_1
Woadzro dɔléle sia ƒe afɔkuwo me eye woakpɔ egbɔe.,The dangers of this disease will be assessed and remedies will be provided.,They will investigate the steps of this disease and find a cure for it.,run_1
Nu gbegblẽ wɔwɔ dometɔ ɖekae nye ale si amewo wɔa nu vlo wɔwɔ le míaƒe hatsotsowo me tɔwo nye be womehea nu gbegblẽ vɛ o.,One of the causes of crime in our communities is poor upbringing.,One of the causes of vandalism is that the way people commit acts of vandalism in our festivals is that they don't consider vandalism to be serious.,run_1
Kɔnu sia bia be woatsɔ anyi dzĩ (Akpade) atre ʋɔtru eve siwo le eƒe axawo dzi le Fiɖa si nye Twins Yam Ŋkekenyui dzi.,This rite involves plastering two side doors with red clay (Akpade) on the Friday of the Twins Yam Festival.,"This issue demanded that the ground (Akpade) be used to turn the two drums on its walls on Friday, which is Twins Yam Festival day.",run_1
Nublanuinya aɖe dzɔ ɖe nyɔnu aɖe si xɔ ƒe wuiatɔ̃ (15) dzi le Konongo le Ashanti nutoa me.,A sad thing has happened to a lady of the age fifteen (15) in Konongo in the Ashanti region.,A sad incident happened to a fifteen (15) year old girl in Konongo in the Ashanti region.,run_1
Ele be woanɔ dɔnɔ siwo le nɔnɔme sesẽ aɖe me la ƒe nɔnɔme nyuitɔ me nanɔ nɔvi siwo le kɔdzi.,Patients in a critical state should be given priority in the hospital.,"They should keep in close contact with the condition of those who are seriously ill, staying in touch with the relatives who are concerned.",run_1
Katoliko-ha la ana asigɛ nunɔlawo le Ebola dɔvɔ̃a dome.,The catholic church will provide gloves to the priests amidst the Ebola outbreak.,The Catholics were helping the sick during the Ebola epidemic.,run_1
"Ne ƒomea me tɔ bubu yi anyigbaa dzi la, esia ana woanya be ame aɖe va afima xoxo.","When another family member goes to the land, this will communicate to them that someone has already been there.","If another member of the household goes to the ground/land, this will let them know that someone came there earlier.",run_1
"Ghanatɔ asitsala si xɔ ƒe 43 si le UK, Enerst Kwaku Kobeah, na wonya eƒe tameɖoɖo le NDC ƒe aflaga ƒe hoʋiʋli ŋu.","Ghanaian business man aged 43 who lives in UK, Enerst Kwaku Kobeah, has made his intentions about contesting for the NDC flagbeareship known.","A 43-year-old Ghanaian trader based in the UK, Ernest Kwaku Kobeah, has shared his opinion on the NDC's flag color controversy.",run_1
"Wona tsyɔ̃evi alafa ɖeka blaatɔ̃ susɔeawo le nutoa me, eye woawo hã xɔ sukudɔwɔnuwo kple sukunudidiwo.",One hundred fifty orphans have been given scholarships in the district and they also received scholastic materials and school requirements.,"One hundred and fifty orphans were seen in the institution, and they also received school supplies and school feeding.",run_1
Woaɖo ŋku ame siwo le ŋutinya me la dzi le woƒe  akpa si wowɔ na dukɔa ta.,The historicals will be remembered for their contributions towards the country.,They will look after those who are injured because of their contribution to the nation.,run_1
Ðewohĩ ƒe sia ƒe azãɖuɣi madzɔ dzi na ame abe alesi wònɔna ɖaa ene o elabena wode se ɖe dutoƒo kpekpewo nu,This year's festive season may not be as exciting as usual since public gatherings have been banned,This year's New Year celebration will not be as lively as it usually is because restrictions have been placed on gathering places,run_1
"De ŋugble le nu nyui siwo dzɔ le wò agbe me ŋu, eye nàkpɔ dzidzɔ.","Think a lot about the good things that have happened in your life, and be happy.","Count the blessings that have come into your life, and you will find joy.",run_1
Ŋutsuwo kple nyɔnuwo kple hadomeŋgɔyiyi ƒe dziɖuɖumegã tsãtɔ bu si na be hadomeɖoɖoa do kpo nu.,The former minister of gender and social development disappeared which made the partnership fail.,Men and women and the first great leader of the civil rights movement thought that the civil rights movement was important.,run_1
"Ame sia ame, ame tsitsi alo ɖevi ate ŋu aɖu abɔbɔwo.","Snails can be eaten by anyone, adult or child.","Everyone, old or young, can eat pawpaws.",run_1
"Kpovitɔwo ɖe gbeƒãe le radiodɔwɔƒewo be amewo nade dzesi ame kukua, esi wole numekuku wɔm be yewoakpɔ nyi siwo wofi siwo dziɖuɖua na la.","The police announced on radio stations for people to identify the body, as they carry out investigations to recover the stolen cattle provided by the government.","Authorities made announcements on radio stations for people to identify the dead body, as they were making efforts to find the thieves who stole the items that were causing the dispute.",run_1
Wo dometɔ ɖeka ate ŋu awɔ nu vevii eye wòakpɔtɔ anye ame bubuwo tɔ.,One can be disabled and still live a normal life like others.,One of them can do something important and the benefit will be for others.,run_1
Wodzroa dɔwɔla nyui aɖe le ale si wòtea ŋu wɔa dɔe ta.,A good worker is evaluated on the basis of his or her performance.,They dismissed a good worker because of how well he/she could do his/her job.,run_1
"Twigbe gbãtɔ si woŋlɔe nye Akuapem Twi, eye eyae nye gbe gbãtɔ si me woŋlɔ Ŋɔŋlɔ Kɔkɔeawo le Twi me.","The first written language of Twi was Akuapem Twi, and it was the first language in which the Holy Scriptures were written in Twi.","The first Twi dialect that was written is Akuapem Twi, and it was the first language in which the Holy Scriptures were written in Twi.",run_1
Ame etɔ̃ bu woƒe luʋɔ le afɔku gã aɖe si dzɔ le Sunyani Techiman mɔ dzi me.,Three people have lost their souls in a fatal accident which occurred at the Sunyani Techiman road.,Three people lost their lives in a serious accident that occurred on the Sunyani Techiman road.,run_1
Ele be nutome gã dziɖuɖumegãwo naɖe asi le woƒe masɔmasɔwo ŋu eye woawɔ dɔ le mɔawo dzi.,The district officials should put their differences aside and work on the roads.,It is necessary that the major industrial nations tackle their disagreements and work on the roads.,run_1
"Nye nyinɔwo ƒe akpa gãtɔ dzea dɔ, Woléa ŋku ɖe woƒe lãmesẽ kple woƒe lãmesẽ ŋu.","Most of my cows are diseased, posing a challenge for their proper care and well-being.","As for me, most of my days were spent working, They paid attention to their health and their well-being.",run_1
Fififi ƒe seselelãme nɔa esi ale gbegbe be eɖua nu ɖe ​​eme be yeawu fififi la ŋutɔ nu.,He gets a feeling of theft so great that he eats into it to complete the theft itself.,The intensity of the cold is so severe that it eats into it to the point of killing the cold itself.,run_1
"Tsã la, dziɖuɖua ɖo aʋawɔnu gbogbo aɖewo be woaɖe Polio ɖa le Ghana.",Previously the government organized mass immunization to eliminate Polio from Ghana.,"Earlier, the government deployed some massive military resources to eradicate Polio in Ghana.",run_1
Viɖe kawoe do tso dekɔnu sia me?,What were the benefits of this culture?,What lessons emerged from this experience?,run_1
