text,ref,Unnamed: 2,Unnamed: 3,translated,source_zip_file
"De…õ …õtwa to…î no, s…õ wotaa di aduaba yi a, …õb…õboa ama wo nipadua no atumi ako atia yare…õ koankor…î binom na asane nso ama nipadua no fa a …õko tia nyarewa no atumi ay…õ adwuma yie.","Finally, regular consumption of this fruit will help your body fight off certain diseases and also improve the immune system.",,,"Finally, if you eat this fruit regularly, it will help your body fight against certain specific diseases and also enable the immune system to function well.",run_1
"Ebinom fa nney…õe…õ a …õs…õ s…õ y…õda no adi ma y…õn nsa ka ap…îmuden pa ho, ebinom fa nnuane a …õs…õ s…õ y…õdi, nnuro a …õs…õ s…õ y…õtumi fa ne dodo…î a …õtwa s…õ y…õde k…î y…õn nipadua mu ho.","Some are about the behaviors we need to exhibit to achieve good health, others are about the foods we need to eat, the medications we need to be able to take and the amounts we need to take into our bodies.",,,"Some are about the actions we should take to get good health, some are about the foods we should eat, the medicines we can take, and the quantity that should go into our bodies.",run_1
"∆êbinom nso w·¥ê h·¥ê a sŒµ w·¥êdi aduane a w·¥ên yafunu mpŒµ anaa ŒµnyŒµ mma w·¥ên yafunu a, Œµma w·¥ênya ayamtim anaa Œµma w·¥ên ayamtim yŒµ kŒµse.",There are others who develop or aggravate asthma when they eat foods that their stomachs do not like or are not suitable for their stomachs.,,,"Also, for some people, when they eat food that their stomach dislikes or that is not good for them, it causes them to get bloated or makes their bloating worse.",run_1
Ayaresabea ny…õ fie.,Hospital is not like home.,,,A hospital is not a home.,run_1
"∆êwom, obi nhy…õ da ntw…õn s…õ yade…õ bi b…õba ne so, anaas…õ …îny…õ obiara p…õ me s…õ …îb…õk…î mmer…õy…õ mu.","Although nobody lives to await sickness, nor wishes to fall sick or become weak.",,,"Admittedly, no one plans to get sick, nor is it anyone's desire to become weak.",run_1
"3. W…î Bono Mantam; Baka a …õw…î Bui, Nsuo mu ban a …õw…î Bui.","3. In Bono County; Baka at Bui, Water fence at Bui.",,,"3. In the Bono Region; Crocodiles at Bui, the Bui Dam.",run_1
"W…îtumi dua nt…îmm…õ, abor…îb…õ anaas…õ kwadu w…î w…în mfuo no ano de to hye…õ.","They can create these boundaries with pineapple, banana, or any such plant.",,,"They can plant tomatoes, pineapples or plantains on the borders of their farms to mark the boundary.",run_1
∆êbŒµboa yŒµn Abibifo·¥ê yi nso ama yŒµahunu sŒµ adeŒµ titire a Œµde ewiem nsakraeŒµ ba ne nnua mu kaab·¥ên a Œµnni soro w·¥ê yŒµn nsase so·¥ê no.,It will also help us Africans to recognize that the main cause of climate change is the lack of carbon dioxide in our lands.,,,It will also help us Black people to realize that the main cause of climate change is the low level of carbon in the trees on our lands.,run_1
"Nnipa bebree na k…î kommy…õ mu …õnam yade…õ a …õteetee w…în nti, …õno nti metu wo fo s…õ, ma w'ap…îmuden ho nhia wo.","A lot of people turn to be depressed when suffering sickness. Hence, you're advised to be very vigilant about your health.",,,"Many people fall into depression because of illnesses that afflict them, therefore I advise you to take your health seriously.",run_1
"Saa nney‘ëe‘ë yi si nnuannennuro a ‘ëw·¥ê aduane no mu no kwan, na ‘ëmma no nny‘ë de‘ë ‘ës‘ë s‘ë ‘ëy‘ë w·¥ê nipadua no mu.","These processes interfere with the absorption of nutrients in the food, preventing them from doing what they should in the body.",,,This action blocks the nutrients in the food and prevents them from doing what they are supposed to do in the body.,run_1
"Nanso de…õ …õte…õ ne s…õ, ntoma ankasa de…õ, n'ab…îse…õ mfiri Akanman mu.",But the fact is that the cloth itself is not of Akan origin.,,,"But the truth is that, the cloth itself, its origin is not from the Akan land.",run_1
"W·¥êkyerŒµ sŒµ, berŒµ a mfifideŒµ de kaab·¥ên yi sie no yŒµ adeŒµ a nsesan ne nwura ahodo·¥ê binom a w·¥ênyini w·¥ê mmerŒµ binom mu deŒµ no yŒµ tia, Œµna nnua a afe biara w·¥ênyini no nso deŒµ ware kakra.",It is shown that the storage time of this carbon by plants is shorter than that of some seasonal weed species and slightly longer than that of annual trees.,,,"This means that the carbon storage period is short for seasonal plants and some types of grasses, while it is somewhat longer for perennial trees.",run_1
"∆ête sei de…õ a, …õnne…õ ad…õn na awofo…î binom bu w…în mma abam ma w…îhunu w…în ho s…õ mfaso…î biara nni w…în so yi?","Why, then, do some parents discourage their children for them to feel worthless?",,,"If this is the case, then why do some parents discourage their children, making them see themselves as useless?",run_1
Wei maa no b…õfaa n‚Äôadwomfo…î no bi k…îkaa ho maa w…îkyer…õ…õ Asanteman adwinne…õ.,This made him to come and pick some of his people to add up and to teach Asanteman sense.,,,"This resulted in some of his musicians being taken to join them, where they were taught Asante craftsmanship.",run_1
Kwan a Obi B…õtumi Afa so Ab…î ne Ho ban a Ne Dwons…îtoa a ∆êkyi Nsuo Ho Nka.,How to Protect Yourself Without Sensitivity to Water-Averse Bowel,,,How to Protect Yourself from Kidney Disease,run_1
"T…îfab…î mu no, ahw…õgor…î yi fa aberante…õ bi a w…îfr…õ no Isaac ho, ∆Üy…õ …îbarima bi a n'afipamfo…î nyinaa p…õ n'as…õm pa ara.","In part, this play is about a young man named Isaac, He is a man who is very popular with all his neighbors.",,,"In the story, this game is about a young man named Isaac. He is a man who is very well-liked by all his neighbors.",run_1
"Mo mmienu nyi nna bi nsi h·¥ê a mode b‘ëy‘ë biribi soronko koraa; s‘ë ‘ëy‘ë agodie, mpaeb·¥ê, anaa s‘ë morek·¥êgye moani ab·¥ê mu w·¥ê baabi soronko bi wc ber‘ë soronko bi mu.","Set aside days for the two of you to do something completely different; whether it is playing, praying, or having fun together in a special place at a special time.",,,"The two of you should set aside some days to do something very special; whether it's for games, prayer, or going to have fun together at a special place at a special time.",run_1
∆ênne…õ ad…õn na wonky…õ mma afofor…î na w…în nso nnya mu ky…õfa?,So why not share it with others so they can share in it?,,,Then why don't you share with others so they can also get their share?,run_1
Ebi nni ho nso a w…îtwer…õ no s…õ …îy…õ 'negative'.,"if some is not there, they write it negative.",,,"There is none, yet it is written that he/she is 'negative'.",run_1
Adidie basabasa bi te s…õ asikyire anaa ad…îk…îd…îk…î nnuanedie bebree nso tumi k…îfa saa yade…õ yi ba.,eating more sugar or eating more sweet foods can also cause this disease.,,,"An unhealthy diet, such as eating a lot of sugar or sweet foods, can also cause this disease.",run_1
"Afei nso, w…îsan kyer…õ s…õ, salm…în tumi boa ma nipadua no nya Vaetam…õn D a …õboa ma apemfo…î ne ab…îfra no nyinaa nnompe mu y…õ den na w…îsan nya ap…îmuden pa nso.","In addition, salmon is also shown to provide vitamin D, which helps to strengthen bones and restore good health in both the mother and child.",,,"Furthermore, it is also said that salmon can help the body get Vitamin D, which helps to strengthen the bones of both pregnant women and the child, and also helps them to have good health.",run_1
S‘ë wo ne obi de pane‘ë koro anaa nne‘ëma a w·¥êde y‘ë nnuro ho adwuma,If you share the same pants or equipment,,,If you share a single needle or drug preparation equipment with someone,run_1
"Amansini nnan binom w…î h…î a, …õwom s…õ w…în ho kyere w…în de…õ, nanso …õny…õ nea ano y…õ den s…õ nkae…õ a y…õabob…î so no.","there are four other districts, though they also live in poverty, but it is not all that serious as those that have been mentioned.",,,"There are some four districts where, even though they are struggling, it is not as severe as the rest we have mentioned.",run_1
"Yei kyer…õ s…õ, …îdii ade…õ mfe…õ aduoson ne nnafua ahanu ne dunan.","This shows that she reigned as a Queen for seventy (70) years, two hundred and fourteen(214) days.",,,"That is to say, he reigned for seventy years and two hundred and fourteen days.",run_1
"Nanso, w…în a w…îdua t…în no de…õ, w…îdua nn…îbae…õ baako p…õ w…î asase k…õse…õ pa ara so.","However, the ton growers grow only one crop on a very large area.",,,"However, those who plant for sale, plant only one crop on a very large piece of land.",run_1
Afei pra wo dan mu ber…õ biara na siesie h…î.,Then clean and tidy your room regularly.,,,"Also, always sweep and tidy your room.",run_1
"Awofo…î, momma mo anom ns…õm ny…õ nhyira de…õ w…î mo mma so.","Parents, let your words be a blessing to your children.",,,"Parents, let the words of your mouth be a blessing upon your children.",run_1
"Saa nsa mmienu yinom mu na w…îtumi noa, s…îne so, b…õnya ap…õt…õsi.",From these two wines is where they are able to produce the alcoholic beverage called akpeteshie.,,,These two drinks can be cooked and strained to get ap…õt…õsi.,run_1
Nnaw…îtwe yi ahy…õase…õ mu ara na Ghana sikakorabea ne sikakorabea ahodo…î ne mpanimfo…î a w…îda sikakorabea a …õsesa sika k…î sika fofor…î mu no hyiae…õ.,"At the beginning of this week, the Ghana Bankers Association held a meeting with the Bank of Ghana to discuss strategies and measures for effectively managing the country's financial resources.",,,"At the very beginning of this week, the Bank of Ghana met with various banks and the heads of foreign exchange bureaus.",run_1
"Tete no, na s…õ …îbaa anaa …îbarima bi nwo a, w…îtumi gyina so gu aware…õ no.","In the olden  days, if a man or a woman is impotent, they sometimes rely on it to de-solve the marriage.",,,"In the past, if a woman or a man could not have children, the marriage could be dissolved.",run_1
"Anas Aremeyaw Anas de too dwa s…õ, Owura Charles Adu Boahen kaa s…õ, ""Sika a ∆Ümanpanin ab…õdiakyire no hia ara ne Amerika sika $200,000 a …õb…õdi adanse…õ s…õ onipa a …îrehwehw…õ adwuma no ay…õ krado s…õ …îp…õ s…õ …îhunu no ne no di nkitaho biara a …õfa adwuma no ho s…õde…õ …õs…õ.","Anas Aremeyaw Anas announced that Mr. Charles Adu Boahen said, ""The only money the Vice President needs is US$200,000 to prove that the person applying for the job is willing to see him and make any contact with him of the work properly.",,,"Anas Aremeyaw Anas revealed that Mr. Charles Adu Boahen said, ""The only money the Vice President needs is US$200,000, which will serve as proof that the person seeking the business is ready to see him and have any necessary interaction with him concerning the business.""",run_1
"∆êno nti, ŒµyŒµ a ·¥êmpŒµ sŒµ ·¥êbŒµhunu saa asŒµm no bi anaa biribi a Œµte saa.","Therefore, sometimes he may not want to experience that incident or something of that sort.",,,"Therefore, he/she doesn't want to see that kind of thing or something similar.",run_1
"∆êno nti, Akanfo…î ntoto abadinto…î amammer…õ yi ase koraa.","Therefore, the Akans do not overlook this traditional naming culture at all.",,,"Therefore, the Akan people do not abolish this tradition of voting at all.",run_1
"Ns…õm bi a ekuo no de too dwa mu no, w…îkaa s…õ, w…îgye tom s…õ fangoo bo…î ay…õ den w…î …îman yi mu baabiara de…õ, nanso …õs…õ s…õ aban no hunu s…õ …õpokor…î adwuma no nte s…õ nnwuma nkae…õ no a w…îtumi y…õ no ber…õ biara no.","The group continued that, they agree that the price of the fuel is expensive but the government should subsidies the price for them because seasonal variation of their work",,,"In a statement issued by the group, they said that although they acknowledge that the price of fuel has gone up everywhere in the country, the government must realize that the fishing business is not like other jobs that can be done at any time.",run_1
"Nipa no b…õtaa adwons…î bebree, afei suk…îm ne …õk…îm taa di no nt…õnt…õm so.","The person will have much frequent urinal discharge, then frequent thirst and hunger.",,,"The person will often become very lean, and then thirst and hunger will frequently and quickly overcome them.",run_1
"W…îkyer…õ s…õ, yei b…õtumi aboa ama dwons…îtwaa mu yare…õ a apemfo…î taa nya no, w…îatumi akwati.","This is said to help prevent urinary tract disease, which is common in pregnant women.",,,It is said that this can help to prevent the urinary tract infections that pregnant women often get.,run_1
"Nanso s…õde…õ …õb…õy…õ a wob…õhunu wo gyinabea nt…õm nti, b…î mm…îden hunu wo d…îkota nt…õm so ber…õ a wob…õhunu badwoa yi no, na woatumi ako atia yade…õ no nt…õm so.","But in order to know your status quickly, try to see your doctor as soon as you notice these symptoms, so that you can fight the disease quickly.",,,"However, in order to know your condition early, try to see your doctor as soon as you notice this symptom, so that you can fight the disease promptly.",run_1
N‚Äôabusua ne n‚ÄôagyapadeŒµ.,His family is his properties.,,,His/Her family is his/her legacy.,run_1
"Afei nso, …õs…õ s…õ w…îy…õ nhwehw…õmu k…î akyiri na w…îhunu s…õde…õ …îmanfo…î asetena te…õ, na ama w…îatumi de nne…õma a …õb…õma w…în astena atu mp…în no ama w…în.","and again, they have to do a comprehensive research to know more about the life of the people, so it can guide them to provide good developmental project for the people.",,,"Furthermore, they should conduct in-depth research to understand the living conditions of the people, in order to provide them with things that will improve their lives.",run_1
"Kwadu so mfaso…î fofor…î nso ne s…õ, …õw…î nnuanennuro bi a w…îfr…õ no faeba a …õboa si ayamtim ano kwan.",Another benefit of quail is that it contains fiber which helps prevent asthma.,,,Another benefit of banana is that it contains a nutrient called fiber which helps to prevent constipation.,run_1
Afei y…õhunu bamkyini…õ a Nyankont…în ahosuoa ahodo…î no bi w…î mu a na …õkyer…õ b…õn a saa hene no ne ne man b…õn Onyankop…în.,A king's umbrella bearing some colors of the rainbow denotes the closeness of that king and his people to God.,,,"Then we see a state umbrella that has some of the various colors of the rainbow, which showed how close that king and his people are to God.",run_1
"Nwiram adwuma binom te s…õ kuay…î, ahay…î ne ab…õtwa ne adwuma titire a na y…õn nananom y…õ.","Our ancestors worked primarily in the forest doing things like farming, hunting, and tapping palms for wine.",,,"Some jobs in the past like farming, hunting and palm-wine tapping were the main jobs that our ancestors did.",run_1
"Okuani bi a w…îfr…õ no Stephen Beyuo b…î abubuo aber…õ nyinaa s…õ, de…õ …õsoso no adae…õ b…îne w…î kuay…õ mu ne s…õ …îb…õy…õ awie ama nn…îbae…õ no aba na …înnya kaa mma no nk…îfa, …õsiane kwan no nti.",A farmer named Stephen Beyuo always laments that his worst nightmare in farming is to finish the crop and not have enough money to take it because of the road.,,,"A farmer named Stephen Beyuo always laments that his biggest nightmare in farming is to successfully bring his crops to harvest and not get a vehicle to transport them, because of the road.",run_1
"Martin Kpebu a …îy…õ ankor…õankor…õ mmaranimni a …îrepem so s…õ …õsiane ahokyer…õ ne ahohiahia a …õrek…î so w…î Ghana nti, ‚ÜÉmampanin Akufo-Addo b…õsiane afiri ne dibea no so na …îtaa saa atuate…õ yi akyi.","Martin Kpebu, a private legal practitioner, is pushing for the resignation of President Akufo-Addo over Ghana‚Äôs current economic woes.",,,"Martin Kpebu, a private legal practitioner who is insisting that President Akufo-Addo should step down from his position due to the ongoing hardship and poverty in Ghana, is behind this coup.",run_1
"Awode‘ë ano no w·¥ê ·¥êfa bi a ‘ëw·¥ê ·¥êkwan a ‘ëda k·¥ê ‚Äú·¥êbaa‚Äù no kwan no mu, ne de‘ë ‘ëda awode‘ë no kwan no mu ankasa.","The cervix is located on the side of the opening to the ‚Äúwoman‚Äôs‚Äù opening, and the one that actually lies inside the opening of the birth canal.",,,"The vaginal opening has a part that is in the path leading to the 'clitoris', and the one that is in the vaginal path itself.",run_1
"∆Ühaw fofor…î nso ne s…õ, …îbaa bi anhunu yade…õ yi mu biara nt…õm ans…î ano na …îde nyins…õn a, …õb…õtumi anya nsunsuanso…î w…î ab…îfra a …înyem no…î no so ma mpo …õtumi b…î ak…îkoa no anifira ber…õ wawo no…î no.","Another problem is that, if a woman does not detect any of these diseases early and becomes pregnant, it can affect the unborn child and even cause blindness at birth.",,,"Another challenge is that if a woman does not detect and treat any of these diseases early and becomes pregnant, it can have consequences for the unborn child, and may even cause the baby to be born blind.",run_1
"‚ÜÉkyer…õ mu a, …îman no asie sika k…îk…î…î pii a w…îb…õtumi de adi nsesa agye fangoo s…õde…õ …õb…õy…õ a fangoo bo…î a ahuri k…î soro no so b…õte.","He explained that, the country has enough gold to trade for oil in order to reduce the hike in the price of oil.",,,"In other words, the country has stored a lot of gold which can be used to trade for fuel in order to reduce the soaring fuel prices.",run_1
Nsuo fitaa bi firi w…în ase ba.,there is whitish water color coming from their vagina.,,,A white liquid comes from under them.,run_1
"De…õ nti a …õte saa ne s…õ, sohyia midia rekyer…õ mmabunu dodo…î no ara …îbra a apor…î na …õmfata ∆Ükani ba.","This is because, social media is training the most of the youths a life which doesn't fit an Akan child.",,,This is because social media is showing the majority of the youth a lifestyle that is corrupt and unbecoming of an Akan person.,run_1
"∆êt…î da mpo a, na w…îtumi de nkyene gu mu toto we no saa ara.",Sometimes it could even be eaten with salt in the same way.,,,"There were even times when they would just add salt, roast it, and eat it like that.",run_1
Saa dwumadie yi k…î…î so ara nyinieŒµ ama mpo ŒµnnŒµ wok…î aman ahodo…î so na wob…î saa dwumadie no din a afofor…î bŒµhunu dwumadie kor…î.,This service continued to grow so that even today you go to different countries and mention the name of the service that others will see the same service.,,,"This program continued to grow so much that even today, if you go to different countries and mention its name, others will recognize the exact one.",run_1
"S…õ saa nnipa baanu yi bu w…în ani gu wei so ware a, mm…îfra baanan a w…îb…õwo biara mu no, …õmu baanu gy…õnotaopo b…õy…õ AS (de…õ …õho ate kyema kakra), na baanu a aka no nso de…õ ay…õ SS (de…õ ate kyema pa ara).","If these people get married, with all the four children they will produce, two of them will have AS genotype ( half defect), and the other two will be SS ( full defect).",,,"If these two people ignore this and marry, for every four children they have, two will have the AS genotype (the one that is slightly sickled), and the remaining two will have the SS genotype (the one that is severely sickled).",run_1
"‘êno nti, ‘ëhia pa ara s‘ë wode nnuane a ‘ëb‘ëboa ama w‚Äôadene no asi pi asi ta b‘ëka wo nnuane ho.",That is why it is very essential to include foods that helps the brain in your diet.,,,"Therefore, it is very important to add foods to your diet that will help your brain to be sharp.",run_1
"Kane a na akuafo…î mfa nnuro ngugu w…în nsase ne w…în nn…îbae…õ so no, na w…îtumi nya nhabamma, atosode…õ ne nnuaba binom di de sa w…în ho yare…õ.","In the past, farmers did not apply pesticides to their lands and crops, and they could eat certain vegetables, fruits, and herbs for healing",,,"In the past, when farmers did not apply chemicals to their lands and their crops, they were able to get some leaves, roots, and fruits to eat and heal their sicknesses.",run_1
"S‘ë mfidie mu nkanea ne ·¥êhyew k·¥ê obi mu pii a, ·¥ênya ayamkuro.","If too much outdoor light and heat gets into a person, he gets a cold.",,,"If too much light and heat from a machine enters a person, they get a stomach ulcer.",run_1
"Afei nso, s…õ wohunu hank…õkyifu a bese, nkosua, aburo, …õmo ne nne…õma binom a …õtete saa gugu so…î w…î nkwantannan so a, na …õreka s…õ obi ab…õyi ne tiri mmusuo.","Another sign of a ritual to banish ill luck was a handkerchief placed near a four-way intersection containing kola nuts, eggs, corn, rice, and other similar foods.",,,"Also, if you see a calabash at a crossroads with things like cola nuts, eggs, corn, and rice on it, it means someone has come to remove a curse from their head.",run_1
"Yei nti, na w…îde y…õ nkwan binom te s…õ abunuabunu ne ab…õnkwan.","For this reason, it was used in some dishes such as bread and butter.",,,"Therefore, it is used to make some soups such as cocoyam leaf soup and palm nut soup.",run_1
Wei na y…õfr…õ no s…õ kooko no.,This is what is referred to as piles.,,,This is what we call porridge.,run_1
Ns…õnkyer…õnne a …õkasa a anka y…õde di dwuma kane no nhy…õ da nni h…î bio nanso …õnkyer…õ s…õ w…îmfa nni dwuma koraa bio.,"Nonverbal communication that was used in the past is not really there anymore; however, that does not mean that it is no longer in use.",,,"The symbolic writing that was once used is not necessarily around anymore, but that doesn't mean it is not used at all.",run_1
"∆ênn…õ nso, nnipa binom ahy…õ da afa ab…õ…õfo kwan so ay…õ mfuo a w…îde y…õn ak…îkono t…în ma nkur…îfo…î k…ît…î di.","Today, some people have used technology to make farms for palm weevil larvae production where people go and buy from.",,,"Nowadays, some people have also deliberately adopted foreign farming methods to raise chickens, which they sell for people to buy and eat.",run_1
"Kae s…õ, saa yade…õ a y…õreka ho as…õm yi nka nyarewa a y…õnya firi nna mu nkitahodie mu, …õfiri s…õ …îbaa bi b…õtumi anya yade…õ yi w…î ber…õ a …îne barima biara nhyiaa w…î nna mu da.","remember that, this disease that we are talking about is not part of sexually transmitted diseases, because a woman can contract this disease even when she had not had any sexual affair with any man.",,,"Note that this disease we are talking about is not a sexually transmitted disease, because a woman can get it even when she has never had sexual intercourse with any man.",run_1
Afei te asikyire nnuanedie nso so. Yei ne kakra a y…õb…õtumi asua afa dwons…îtoa a …õkyi nsuo no ahonhono ho.,Then sit on the asikyire diet as well. Here is a little we can learn about the inflammation of the urinary tract.,,,"Then, there are also sugary foods. This is a little we can learn about damage to the kidney that rejects water.",run_1
"∆Übaapanin no de ne nsateaa akyer…õkyer…õkwan no di kan b…î nsa no mu de ka ab…îfra no k…õtr…õma so ka s…õ, ""Asomasi (∆Üb…î ab…îfra no din a w…îde ato dwa no fr…õ no), wohunu s…õ …õy…õ nsa a, ka s…õ nsa na nse s…õ …õy…õ nsuo.""",the old woman dips her finger in the alcohol and use it to touch the tongue of the child and say if u see alcohol say alcohol don't say its water.,,,"The elderly woman first dips her index finger into the drink, touches the child's tongue with it and says, ""So-and-so (she calls the child by the name that has been announced), when you see that it is a drink, say it is a drink and do not say it is water.""",run_1
"∆ênnŒµ, yŒµnhunu saa nneŒµma yinom nyinaa bio Œµfiri sŒµ yŒµmfa saa mmara no nyŒµ adwuma seesei.","Today, we don't see all these things because we no longer abiding by these laws.",,,"Today, we don't see all these things anymore because we don't use that law now.",run_1
"Wotumi hw…õ w'adidie mu yie na wodi nnuane pa a, …õb…õboa ama w'adwene no ay…õ adwuma yie …õfiri s…õ, wob…õtumi asusu nne…õma ho yie na wob…õtumi nso akae nne…õma nt…õm.",Being able to control your diet and eat healthy foods will help your mind to work better because you will be able to think clearly and remember things faster.,,,"When you watch your diet well and eat good food, it will help your brain to function well because you will be able to think clearly and also remember things quickly.",run_1
"Ab·¥êdeŒµ mu nyansapŒµ adesua kyerŒµ sŒµ, mframa a Œµfiri nnua ne aduadeŒµ mu no na nnipa home k·¥ê ne mu, na nnua ne aduadeŒµ nso ahome deŒµ nnipa home ba ab·¥êntene no.","Scientific study shows that the air from trees and plants is breathed in by humans, and the air from humans is breathed in by trees and plants.",,,"The study of science teaches that humans breathe in the air that comes from trees and plants, and trees and plants also breathe what humans breathe out.",run_1
"Nanso ayamtim a aba onipa bi so atenaseŒµ na ayŒµ sŒµ yadeŒµ koankor·¥ê no kyerŒµ sŒµ, akwaa no ahodo·¥ê a Œµboa yam aduane a yŒµdie no ma no yŒµ adwuma no nyŒµ adwuma sŒµdeŒµ anka ŒµsŒµ sŒµ ŒµyŒµ.","However, the presence of constipation as a chronic disease means that the various organs that help digestion are not working as they should.",,,"However, persistent constipation that has afflicted a person to the point of becoming a chronic condition means that the various organs that aid in the digestion of the food we eat are not functioning as they should.",run_1
S…õ …õk…îba no saa a agye s…õ …îsoa nne…õma no w…î n‚Äôapampam de k…î dwa so anaa de k…î fie.,If that happens he has to carry the items on his shoulders to the market or home.,,,"If that happens, he/she has to carry the things on his/her head to the market or home.",run_1
"Afei s…õde…õ na w…îde ntoma binom bu nnipa binom b…õ no so ate, obi de ntoma no f…õ na …õfira, na mmom …õny…õ ne din.","Also, the art of communicating with someone using symbols from the prints in a cloth has reduced; people wear the cloth based on how nice it is, not its name.",,,"Furthermore, the way certain cloths were used to proverbially refer to people has ceased; one wears a cloth for its beauty, but not for its name.",run_1
Mogya a nananom hwie gui…õ nya de too h…î maa y…õn,The blood shed by the ancestors got laid down for us,,,The blood shed by our ancestors was laid down for us.,run_1
Ky…õ ma afofor…î nso nhunu saa mfaso…î yinom bi.,Share for others to benefit from these vital information.,,,Share for others to also see some of these benefits.,run_1
Megye di s…õ woahunu s…õ mfaso…î bebree w…î bragor…î so pa ara.,"Certainly, the rite of menarche holds significant benefits for young women and you will agree with me as well",,,I believe you have seen that there are a lot of benefits in puberty rites.,run_1
"W…în nnyeso…î ne ‚ÄúOfori-na‚Äù, anaa ‚ÄúOfoona‚Äù.","their response is ""Ofori-na' or ""Ofoona"".",,,"Their appellation is ‚ÄúOfori-na‚Äù, or ‚ÄúOfoona‚Äù.",run_1
"‚ÜÉde kaa ho s…õ, …õho hia nso s…õ aban no boa w…în a w…îy…õ nne…õma no s…õde…õ …õb…õy…õ a w…îb…õtumi ay…õ nne…õma a …õsom bo pa ara a y…õb…õtumi de amane aman afofor…î ama mfaso…î aba so ama …îman no na …îman no agye din w…î wiase aman nyinaa dwa so.",He added that it is also important for the government to support the manufacturing sector to develop a competitive export product that will be able to compete on the international market.,,,"He added that it is also important for the government to support producers so they can create high-quality goods that can be exported to other nations, which will bring profit to the country and build its reputation on the world market.",run_1
"Hy…õ no nso s…õ mm…îfra taa nya w…în resose mogya firi w…în agyanom h…î, s…õ …õy…õ 'positive' anaa 'negative'.","Note thar, children mostly get their resource blood from their fathers, either positive or negative.",,,"Also note that children usually inherit their rhesus blood type from their parents, whether it is 'positive' or 'negative'.",run_1
"‚ÜÉkasamafo no daa no adi s…õ, s…õ w…îwie saa akwankyer…õ yi a, w…îde …õho as…õm b…õba ab…õto w…în nyinaa anim ama w…îasi gyinae…õ.","The Speaker further clarified that once the Adhoc committee completes its investigation, the findings will be presented to the entire house for a collective decision to be made on the matter.",,,"The spokesperson revealed that when they are done with this directive, they will bring the matter before all of them to make a decision.",run_1
"∆êno nti, …õho hia pa ara s…õ y…õtaa di mmire.","Therefore, it is very important to eat millet regularly.",,,"Therefore, it is very important to eat mushrooms regularly.",run_1
"Amaneb…î a Asoe…õ a Kuay…î ho Ns…õm so no de b…õtoo dwa kyer…õ…õ mu s…õ, atirimp…î a w…îde abue saa dwa yi nyinaa ne s…õ …õb…õboa ama nnuane bo…î a ahuri k…î soro w…î …îman yi mu no b…õtumi aba fam s…õde…õ mmobor…îfo…î ne w…în a w…în nsam nhy…õda nni bi no nyinaa b…õnya w…în so ne w…în de…õ at…î.",The report released by the Ministry of Agriculture explained that the overall objective of the opening of these markets is to help bring down the soaring food prices in this country as the poor and the underprivileged all who do not have it will have theirs on them and theirs will be bought.,,,"An announcement from the Ministry of Food and Agriculture revealed that the sole purpose of opening this market is to help bring down the high food prices in the country, so that the poor and the less privileged can all afford to buy their share.",run_1
‘ês‘ë s‘ë onipa no te nnuro a w·¥êde te yaw biara so·¥ê no so.,The person should stay on any pain medication.,,,It is as if the person is on a drug that relieves any pain.,run_1
"As…õm no kae s…õ w…în a wonnim akenkan ne akyer…õw no mu …îpepem 4.6 y…õ mmea na …îpepem 3.3 y…õ mmarima, na …õkyer…õ s…õ mmea w…î …îhaw bi a na …õk…î so tra h…î bere tenten.","The news stated that 4.6 million of the illiterate are women and 3.3 million are men, this shows that women have some challenges which can last long.",,,"The report stated that of those who cannot read and write, 4.6 million are women and 3.3 million are men, indicating a long-standing disadvantage for women.",run_1
Woy…õ …îbarima? ∆ênne…õ saa ap…îmuden adesua yi ho hia wo  papaapa.,Are you a man? Then this exercise is very important to you,,,Are you a man? Then this health lesson is very important to you.,run_1
"S…õ y…õhw…õ mu a, Aisha Huang opeemu no ankasa de…õ, NPP mu nnipa titire, Nkrabea Effah Dartey na ‚ÜÑregyina n‚Äôafa adi n‚Äôas…õm no.","In fact, Aisha Huang's appeal itself is being defended by NPP figure, Nkrabea Effah Dartey.",,,"If you look at it, in the Aisha Huang case itself, a prominent person in the NPP, Nkrabea Effah Dartey, is the one representing her and arguing her case.",run_1
Atadwe yŒµ aduadeŒµ a w·¥êdii kwan duaa no w·¥ê Egypt no mu baako.,Tiger nuts is one of the first crops to be grown in Egypt.,,,Tigernut is one of the first crops to be cultivated in Egypt.,run_1
∆ês…õ s…õ woy…õ yei ber…õ a woremma no ntwetwe w'adwene mfiri nne…õma a …õho hia pa ara woresusu ho no so.,You need to do this while not letting it distract you from the more important things you are thinking about.,,,You should do this without letting it distract you from the very important things you are considering.,run_1
"Obi wu patuwuo a, Akanfo…î gye di s…õ wato ne k…în awu nti w…îy…õ no ayi pa.","When someone dies unprepared, Akans believe that he has locked his neck dead so they give him a good funeral.",,,"When a person dies suddenly, the Akans believe that he has died by breaking his neck, therefore they give him a befitting funeral.",run_1
Ns…õnkyer…õnne…õ b…õn na …õb…õda adi ama obi ahunu s…õ …îw…î ayamtim?,What are the symptoms of constipation?,,,What are the signs that would let someone know they have constipation?,run_1
"De…õ …õte…õ ne s…õ, pr…õk…õs…õ y…õ aduaba bi a …õtu hua yie, na s…õ obi de rey…õ aduane na wonam akyiri koraa a wotumi te.","The fact is that the Aidan fruit is one that has a strong scent; therefore, the aroma from food being prepared with it can be sensed from quite a distance away.",,,"The fact is, prekese is a very aromatic fruit, and when someone is cooking with it, you can smell it even from a distance.",run_1
"∆êsiane yei nti, s…õ wowe kar…îto a, …õmma …õk…îm nne wo nt…õm.","For this reason, eating carrots prevents you from feeling hungry quickly.",,,"For this reason, when you eat carrots, you do not get hungry quickly.",run_1
"Animdefo…î kyer…õ s…õ, aho…îdennuro bi a w…îfr…õ no Omega 3 fati ased w…î salm…în mu a …õboa apemfo…î nipadua pa ara.",Experts says that salmon contains Omega 3 fatty acid which is very helpful for the body of pregnant women..,,,Researchers say that a nutrient in salmon called Omega 3 fatty acid greatly helps the bodies of pregnant women.,run_1
Owura Sarpong a w‚ÜÑde saa kwaadu yi ab‚ÜÑ no no gyee apoob‚ÜÑ ns…õm a w‚ÜÑaka afa ne ho s…õ ‚ÜÑy…õ no nyinaa too mu.,Mr Sarpong who was found guilty accepted all the fraud cases on him.,,,"Mr. Sarpong, who was implicated by this banana accusation, admitted to everything he was accused of doing.",run_1
"W…îsan kyer…õ s…õ, aduaneduro bi a w…îfr…õ no folate nso ahy…õ no ma, na saa aduaneduro yi boa …îpemfo…î no ne ab…îfra a …îhy…õ yafunu mu no nyinaa.","It is also said to be rich in folate, which helps both the pregnant woman and the unborn child.",,,"It is also indicated that it is rich in a nutrient called folate, and this nutrient helps both the pregnant woman and the child in the womb.",run_1
"Ansa na Asanteman reb…õk…î …îko yi no, ∆Ük…îmfo An…îkye hw…õ…õ p…õt…õtakra mu.","Before the Asanteman went to this battle, the Wizard of the Morning looked into the peat.",,,"Before the Asante Kingdom went to this war, Okomfo Anokye looked into the brass pan.",run_1
"Mpane…õ no bi b…õtumi ay…õ de…õ …õb…õb…î wo ho ban afiri papuu, ntoburo, atiridii ne nyarewa afofor…î ho.","Some of the vaccinations can be used to protect you from flu, measles, malaria and other diseases.",,,"Some of the vaccinations can protect you from yaws, measles, malaria and other diseases.",run_1
"S‘ë w…îp…îre nnuaba ho a, w…îtwe ‘ëmu nnepa no ne de‘ë ‘ëboa nipadua no firi mu.","When fruit is peeled, the nutrients and nutrients are extracted.",,,"When fruits are processed, the goodness and what helps the body are extracted from them.",run_1
"∆ête saa de…õ a …õnne…õ na y…õrebisa s…õ, …õde…õn na …îbaa bi taa y…õ a …õk…îfa wei ba?","if it is so then we are asking that, what has been the cause of this disease.?",,,"If that is the case, then the question is, what does a woman usually do that brings this about?",run_1
Kwan Ahodo…î a Obi b…õtumi Afa So As…î Dwons…îtoa a ∆êkyi Nsuo no Ahonhono Ano.,Different Ways One Can Control Urinary Incontinence.,,,Ways to Test a Waterproof Bladder for Leaks.,run_1
"Agor…î yi mu no, agofomma no nyinaa kotokoto h…î, twa konka a w…în mu biara kuta …õbo…î kumaa bi w…î ne nsam.","In this game, the players all bend to form a circle whiles holding a small stone in their hand",,,"In this game, all the players squat in a circle, each holding a small stone in their hands.",run_1
"Mmaranimfo…î mmienu a …îde w…în asi Effah Dartey a …îw…î n‚Äôahomegye…õ mu a wagyina China fo…î no anan mu adi ama w…în b…õy…õ mfe…õ nnum nie no ne, Miracle Attachey ne Hope Agboado.","The two lawyers he has appointed to replace the retired Effah Dartey who has represented the Chinese adviser for about five years are, Miracle Attachey and Hope Agboado.",,,"The two lawyers who have replaced the retired Effah Dartey, who has represented the Chinese for about five years now, are Miracle Attachey and Hope Agboado.",run_1
"∆êwo a, na afei w…îkeka abom ama …õmu ay…õ duru na w…îde atware w…în asenem.","If it dries, which is then they bring it together to make it heavy and rap around their waist.",,,"It is pounded, then mixed together until it becomes thick, and they use it to wrap their waists.",run_1
"SŒµ wei toa so w·¥ê nnaw·¥êtwe bi mu a, Œµtumi ha adwene no dwumadie.","If this continues for a week, it can affect the brain functions.",,,"If this continues for weeks, it can affect brain function.",run_1
Nnnipa bebree bu p…õ…õ s…õ …õy…õ aduaba a …õsom bo pa ara …õsiane s…õ aho…îden bebree ahy…õ no ma.,Many people consider it to be a very valuable fruit because it is full of energy.,,,Many people consider it to be a very valuable fruit because it is packed with a lot of energy.,run_1
∆Ükwan fofor…î a obi b…õtumi afa so anya yade…õ yi bi ne s…õ …îde biribi a ano y…õ nam a atwa obi a …îw…î saa yade…õ yi mu bi p…õn adi dwuma ama no atwa …îno nso.,Another way a person can get the disease is by using a sharp object that has already cut someone with the disease of which he or she is also cut with it.,,,"Another way a person can get this disease is by using a sharp object that has previously cut someone who has the disease, causing it to cut them as well.",run_1
"Dwene nne…õma papa a asi w…î w'abrab…î mu no ho pii, na ma w'ani ngye.","Think a lot about the good things that have happened in your life, and be happy.",,,"Dwell on the good things that have happened in your life, and be happy.",run_1
Mmom mm…îfra a …õdi akyire no awo…î mu na s…îretia no b…õba.Wosusu s…õ de…õn ntira?,but the birth of the other children will be affected. While do you think so?,,,But the opposition will come from the birth of the next generation. Why do you think?,run_1
"S‘ë w·¥êde pane‘ë ne nne‘ëma a w·¥êde y‘ë no y‘ë obiara de‘ë anaa s‘ë w·¥êde y‘ë obi ho adwuma na w·¥êsane de di onipa fofor·¥ê ho dwuma na s‘ë ‘ëy‘ë ade‘ë a w·¥êampepa anaa w·¥êansiesie no yie a, ‘ëde ·¥êmanfo·¥ê to asane mu.","If panes and products are used for anyone else or if they are used for someone else and if they are not cleaned or cleaned properly, they put the public in danger.",,,"If tools and the materials used are for public use or are used to work on one person and then another, and if they are not cleaned or prepared well, it puts the public in danger.",run_1
Nnuaba a w…îap…îre ne ho agu de ay‘ë nnuane fofor…î (nh. Esam paanoo),Peeled fruits for other foods (e.g. bread),,,"Fruits that are processed into other foods (e.g., Plantain bread)",run_1
"Ahemfo nan a w…îde w…în nkwa twaa so no ne, ∆êdwesohene Nana Adu Kupe, Adwumakaase-K…õse hene Nana As…õnso Kofo, Mamp…înhene Nana Boahen Anantuo ne Nana Tweneboa Kodua.","The four kings who lost their lives were, the King of the Highlands, Nana Adu Kupe, the King of the Great Works, Nana Asenso Kofo, the King of the Kings, Nana Boahen Anantuo and the King of Tweneboa Kodua.",,,"The four chiefs who sacrificed their lives were the chief of Edweso, Nana Adu Kupe; the chief of Adwumakaase-Kese, Nana Asenso Kofo; the chief of Mampong, Nana Boahen Anantuo; and Nana Tweneboa Kodua.",run_1
"Angel TVfo…î amm…î sukuu yi din nanso w…îkyer…õ mu a, asuafo…î no mu binom t…î…î baha ber…õ a w…îkaa akyiri simma aduasa a wamma w…îanwura …õdan no mu ank…îtwer…õ w…în ns…îhw…õ no.","Although the Angel TV station did not mention the school's name in the news but, some students fainted when they were thirty minutes late and were denied access to the exams hall.",,,"Angel TV did not mention the name of the school, but they reported that some of the students fainted after being thirty minutes late and were not allowed to enter the hall to write their examination.",run_1
"∆êgye y…õn ber…õ, y…õhwere akwannya pii …õnam yade…õ bi nti na esiane nso s…õe sika.","We loose time and a lot of opportunities due to sickness, and we lose a lot of money as well.",,,"It takes our time, we lose many opportunities because of an illness, and it also wastes money.",run_1
∆Ükwan a y…õb…õtumi afa so asi akomayade…õ ano.,Ways to prevent heart disease.,,,Ways we can prevent heart disease.,run_1
‚ÜÉkyer…õ…õ s…õ …õw…î s…õ aban ani ku w…în a w…îma y…õn saa nne…õma yi akuo no ho na …îde sika hy…õ mu na …îde nhy…õ to nne…õma bi te s…õ wei a y…õkra firi aburokyire no so.,"He explained that, restriction of importation of some of these products, side-by-side with increased local production, is a realistic proposition that we need to begin to consider",,,"He explained that the government should pay attention to the groups that produce these things for us, invest in them, and impose taxes on similar items that we import from abroad.",run_1
Poleeno a ‚ÜÑtwa sini w‚ÜÑ Kumase na wagye din no de too dwa nnora Yawoada s…õ Baba Spirit a ‚ÜÑyi ns…õnkwaa ma nnipa sere nya ahomeka no agyae ne nkwa mu.,"Poleeno, who is a popular actor in Kumasi announced it on yesterday which is Thursday that Baba Spirit the comedian who was sick is dead.",,,"Poleeno, a renowned filmmaker in Kumasi, announced yesterday, Thursday, that Baba Spirit, the comedian who tells jokes to make people laugh and feel relieved, has passed away.",run_1
W…îtumi gya w…în tirinwi gu so kuhaa a w…înni no ni.,They don't care leaving their hair bushy and messy without trimming or washing it.,,,They can leave their hair for a long time without cutting it.,run_1
"Mpanimfo…î se, ""Aboa biara didi k…î baabi a n'asom b…õdwo no.""Saa ara nso na nnomaa a w…în ntakra kor…î na w…îtu b…î mu.","The elders says, ""every animal eat towards where it would have comfort."" As well as birds with the same feathers fly together",,,"The elders say, ""An animal eats where it finds peace."" In the same way, birds of a feather flock together.",run_1
"Obiara ani ku n'ap…îmuden ho yie, ne saa nti nkyer…õkyer…õ ahodo…î pii na nnipa binom da no adi fa ap…îmuden ho.","Everyone is very concerned about their health, and therefore there are many different teachings about health.",,,"Everyone is very concerned about their health, and for that reason, some people share various kinds of information about it.",run_1
"Afei nso, w…îsan kyer…õ s…õ, w…în a w…îdi nanso w…întaa nni no daa no nso b…õtumi anya ahobamm…î kakra afiri ketewa bi a w…îdi no mu.","Furthermore, it is also suggested that those who eat it rarely but regularly may also have some protection from a small amount.",,,"Furthermore, they also indicate that those who eat it, but not regularly, can also get a little protection from the small amount they consume.",run_1
"Megye di s…õ, kakra a y…õabob…î so yi ara ama woahunu s…õ, …õny…õ papa s…õ y…õb…õnya adwene s…õ akuafo…î di hia, w…în ho nte, anaas…õ kuay…î y…õ adwuma a animuonyam biara nni mu.","I believe that the foregoing has shown you that it is wrong to think that farmers are poor, unclean, or that farming is a dishonorable occupation.",,,"I believe that this little we have touched upon has made you see that it is not good to have the mindset that farmers are poor, unclean, or that farming is a job with no honor in it.",run_1
∆Ühy…õ…õ ne sinitwa ase w…î afe 2004 mu.,He started his filming career in 2004.,,,He/She started his/her acting career in 2004.,run_1
vi.Obi ahy…õda agyae ne ho ato nsuo mu awu.,vi. Someone drowning himself to death.,,,Someone has intentionally thrown himself into the water and died.,run_1
"Bio, nipa no ani so taa kyin no kakra, na ne honam nso taa y…õ ne mmer…õ.","Furthermore, the person's eyesight is sometimes slightly blurred, and his body is often weak.",,,"Also, the person often gets a little dizzy, and their body is also often weak.",run_1
"Íú™nam sŒµ na w…îsusua nti, awofo…î nketewa yi sii w…în adwene pi de w…în ba Oprah k…îtenaa ne Nana Hattie Mae Lee nkyŒµn mfeŒµ nsia.","Because they were young, these young parents decided to place their daughter Oprah with her Grandmother Hattie Mae Lee for six years.",,,"Because they were so young, the young parents firmly decided to send their child Oprah to live with her Grandmother Hattie Mae Lee for six years.",run_1
"Œïba no saa a, Œµha nnipa no dwumadie ahodo·¥ê, Œµfiri sŒµ n‚Äôadwene da so ara w·¥ê asŒµm dada no so.","When this happens, it affects the activities of the person, because his mind is still on the old story.",,,"When it happens like that, it affects the person's various activities, because his/her mind is still on the old issue.",run_1
"S…õ y…õhw…õ …îman yi ho nnwom bi te s…õ ‚ÄúDwene ‚ÜÉman yi ho, Ghana Akuafo…î, Osee Yiee Ghana, ne Aniha mu nni biribi s…õ ohia‚Äù a, nhwehw…õmu kyer…õ s…õ mmabunu dwontokuo a …õw…î Bomaa a Yaw Owusu Badu a wanya ne baabi kor…î na na …îda ano no na w…îsaee saa nnwom yi toe…õ.","Looking at some of the country‚Äôs songs like ‚ÄúThink ‚ÜÉthis country, Ghanaian Farmers, Osee Yiee Ghana, and Aniha me have nothing but poverty‚Äù, research shows that the youth choir in Bomaa a Yaw Owusu Badu who has found his place and and at the mouth of the grave these songs were sung.",,,"When considering patriotic songs such as ‚ÄúThink About This Nation, Ghana Farmers, Osee Yiee Ghana, and There is Nothing in Laziness but Poverty‚Äù, research shows that the youth choir in Bomaa, which was led by the late Yaw Owusu Badu, first composed these songs.",run_1
"Y…õde amany…îs…õm to nky…õn a, …õs…õ s…õ y…õkae s…õ, …õy…õ Ghanani biara as…õde…õ s…õ …îde nokor…õdie ne …îmamp…õ honhom b…õpere …îman no nk…îso…î.","Absolutely! Regardless of political affiliations, every Ghanaian should prioritize the development and progress of the country.",,,"Putting politics aside, we must remember that it is the responsibility of every Ghanaian to strive for the nation's development with honesty and a patriotic spirit.",run_1
Mogyaboroso…î a …õdi kan ne de…õ …õt…î so mmienu.,Primary and secondary hypertension.,,,The first and the second blood pressure.,run_1
"Afe 1929 mu no, …îk…î…î Akyim…îta K…îlegyi k…îtoaa n'adesua no so w…î h…î na …õw…î h…î na w…îmaa no akwannya s…õ …îb…õtumi ak…îsua ade…õ w…î Peter's K…îlegyi a …õw…î Oxford w…î ber…õ a …întua adesua ho ka biara.","In 1929, he went to Achimota Secondary School  to continue his studies there and was offered a tuition-free scholarship to Peter's College, Oxford.",,,"In 1929, he went to Achimota College to continue his studies, and it was there he was given the opportunity to study at Peter's College, Oxford, without paying any tuition fees.",run_1
"Saa nhwehw…õmu yi b…õdaa adi s…õ, w…în a w…îtumi gye ber…õ b…õy…õ s…õ simma du rek…î soro ne afofor…î kasa no boa ma w…în adwene dwumadie no k…î so.","This research proved that, people who spend 10 minutes and above talking to others are likely to increase the functions of their brains.",,,This research revealed that those who are able to take about ten minutes or more to converse with others help maintain their cognitive function.,run_1
Dodo…î no ara susu s…õ anigye…õ nni …îman yi mu.,Most think there is no happiness in this country.,,,Most people think that there is no happiness in this country.,run_1
"Tete no, na aduane baako a y…õn nananom taa di pa ara ne mmire.","In ancient times, one of the most common foods our ancestors ate was millet.",,,"In the past, one food that our ancestors ate very often was mushrooms.",run_1
"Ne saa nti womp…õ s…õ yade…õ b…õgye w'anigye…õ afiri wo ns…õm a, ma w'ap…îmuden ho nhia wo.","For this reason, if you don't want to lose your happiness to sickness, then better be concerned about your health.",,,"So if you don't want sickness to take your joy from you, let your health be important to you.",run_1
"Nnipa binom w·¥ê h·¥ê a ne honam no mp‘ë s‘ë w·¥êde saa amaman a w·¥êde s·¥ê aninnt·¥ênnwi ntoaso·¥ê no ka no, ‘ësiane nnuro binom te s‘ë formaldehyde a w·¥êde y‘ë no nti.",Most people are allergic to the glue used for holding artificial eyelashes due to the presence of formaldehyde in them.,,,"Some people are allergic to the glues used for eyelash extensions due to certain chemicals, such as formaldehyde, used in their production.",run_1
"Yei nti, …õka aman ahodo…î a asasewoso…î taa sisi w…î so pa ara no ho.","For this reason, it is one of the most earthquake-prone countries.",,,"Therefore, it is among the countries where earthquakes happen very often.",run_1
"Nhwehw‘ëmu kyer‘ë s‘ë mmer‘ë bi a atwan w·¥ê afe 2015 mu no, na an‘ë‘ësefo·¥ê a w·¥êgye awo·¥ê de w·¥ên mobaa foonu mu nkanea anaa t·¥ê·¥êkye na ‘ëgye awo·¥ê w·¥ê Kaneshie Nkran.","research has shown that in the year 2015, midwives were using their mobile phones torch light to assist in the delivery of new child at Kaneshie in Accra.",,,"Research shows that sometime in 2015, midwives were using their mobile phone lights or torches to deliver babies in Kaneshie, Accra.",run_1
"W…îde nkanea a …õnya n‚Äôaho…îden firi owia mu, afidie a …õboa ma nkanea y…õ adwuma ber…õ a w…îadum nkanea, nsuo ne nne…õma pii asisie …õdan yi mu yie s…õde…õ …õb…õy…õ a …õb…õboa ama at…õmmuo papa ak…î so.","The building is well equipped with solar lights, off-the-shelf appliances, water and many other facilities to promote good judgment.",,,"This building has been well-equipped with solar-powered lights, a backup power system, water, and many other facilities to ensure the smooth administration of justice.",run_1
"Y‘ëw·¥ê de‘ë ‘ët·¥ê anan no ankasa ho, y‘ëw·¥ê de‘ë ‘ët·¥ê yafunu no ns‘ëmu mune de‘ë ‘ët·¥ê nsono no mu.","We have the fourth itself, we have the stomach mune and the stomach.",,,"We have the actual thigh, we have the flank/ribs, and the intestines.",run_1
"Afei, …îbaapanin bi a …îfiri …îbarima no abusua mu gye ab…îfra no to ne ser…õ so de ntomaa fitaa (funumatoma) kyekyere ab…îfra no ho.  ∆êha na ab…îfra no sewaa anaa ne papa nuabaa de edin a papa no p…õ s…õ …îde to ne ba no b…õto dwa.","also, an old woman from the family of the father recived the child and cover the child with white cloth and the aunty of the child will mention the name that the father wants to give it to the child.",,,"Then, a female elder from the man's family takes the child onto her lap and wraps the child with a white cloth (funumatoma). It is here that the child's paternal aunt or his father's sister will announce the name that the father wants to give his child.",run_1
"∆êb…õy…õ yie a, ka nnwuma a worey…õ no ho ns…õm kyer…õ obi a …îb…õn wo, na sr…õ no s…õ …înhw…õ mma wo s…õ de…õ …õs…õ s…õ woy…õ ara na worey…õ no anaa?","If possible, tell someone close to you about the activities you are doing, and ask them to make sure that you are doing what you should be doing.",,,"If possible, tell someone close to you about the work you are doing, and ask them to check if you are doing it exactly as you should.",run_1
"Saa mansini yi mu no, nnipa (47.0%) na w…îdi ohia buruburoo.","in this district, 47.0% of the total population live in extreme poverty.",,,"In this district, 47.0% of the people live in extreme poverty.",run_1
"Di nnuane pa; S…õde…õ nipadua no hia nnuane a aho…îdennuro w…î mu ansa na atumi ay…õ adwuma yie no, saa ara na adwene no nso hia nnuane a aho…îden w…î mu.","Eat good food; Just as the body needs nutritious foods to function properly, so the mind needs nutritious foods.",,,"Eat good food; Just as the body needs nutritious food to function well, so the mind also needs nourishing food.",run_1
"∆êno nti, Nkrumah firi akwantuom baa Abibirem no, …îk…îb…î…î ne ho adwaa w…î Guinea a wantumi amma Ghana bio k…îpem s…õ kokoram kum no w…î Bucharest w…î 1972 mu.","As a result, when Nkrumah returned from his trip to Africa, he settled in Guinea and was unable to return to Ghana until he died of cancer in Bucharest.",,,"Therefore, when Nkrumah returned from his trip abroad, he went into exile in Guinea and was unable to return to Ghana again until cancer killed him in Bucharest in 1972.",run_1
"Nsonsonoe…õ a …õda abusua din ne edin ahodo…î a aka no nyinaa mu ne s…õ, abusua din nko ara ne edin a w…îhy…õda de ma ab…îfra bi.","The difference between a family name and all the other names is that, family name is the only name specifically given to a child.",,,The difference between the family name and all other types of names is that the family name is the only name that is deliberately given to a child.,run_1
"Yei nti, w…îreb…î mmarahy…õbadwafo…î yi aba so s…õ w…îatumi de akoko…îduro ay…õ biribi a …õte saa.",The public applauded the Parliamentarians for their courage and boldness in taking necessary steps to address the financial challenges facing the country.,,,"Therefore, these MPs are being commended for courageously doing such a thing.",run_1
"De…õ adesua yi aboa y…õn ama y…õab…õhunu nyinaa ne s…õ, awia nna ny…õ ber…õ s…õe…õ anaa biribi a …õny…õ s…õde…õ nnipa binom susu no.",All that this study has helped us to notice is that daytime sleep is not a waste of time or something that some people think it is.,,,"What this study has helped us to realize is that, napping is not a waste of time or a bad thing as some people think.",run_1
"Saa mmoawa yi tumi ba mmaa ne mmarima nyinaa mu, na ‘ëtumi de nyarewa binom te s‘ë ·¥êbaa agyapade‘ë ano kokoram, ·¥êbaa agyapade‘ë no mu ankasa kokoram, ·¥êbarima barima mu kokoram, agyanan kwan mu kokoram, k·¥êk·¥êbo ho kokoram ne menem kokoram br‘ë nnipa.","These bacteria can occur in both men and women, and can cause certain diseases such as cervical cancer, cervical cancer, penile cancer, rectal cancer, laryngeal cancer and oral cancer.",,,"These germs can occur in both men and women, and can cause certain diseases such as cervical cancer, vaginal cancer, penile cancer, anal cancer, and cancer of the back of the throat.",run_1
"Y…õka s…õ Resose mogya mu nhwehw…õmu a, na y…õrep…õ akyer…õ s…õn koraa?","When we say rhesus blood test, what do we mean?",,,"When we say Rhesus blood test, what exactly are we trying to determine?",run_1
"∆êny…õ de…õ y…õabob…î so yi nko ara na …õy…õ adwenemuhaw ho ns…õnkyer…õnne…õ, pii ka ho.",What we have discussed are not the only signs of mental illness but there are other ones as well.,,,"These are not the only signs of mental distress, there are many more.",run_1
"D…îmkuo K…õse…õ no redwene ho mpo dada s…õ w…îb…õtwe Mmarahy…õbadwam Kasamafo, Alban Bagbin de no ak…îpue as…õnnibea k…õse…õ no anim w…î Dome Kwabenya mmarahy…õbadwani no as…õnnie no ho.","The Grand Jury is already even considering dragging the Speaker of Parliament, Alban Bagbin to appear before the high court over the trial of Dome Kwabenya senator",,,"The Majority Caucus is already considering taking the Speaker of Parliament, Alban Bagbin, to the Supreme Court over the case of the Dome Kwabenya Member of Parliament.",run_1
Ebinom nso tumi te nka s…õ w…în akoma b…î nt…õnt…õm so.,Others may feel their heart beating faster.,,,Some may also feel their heart beating fast.,run_1
"S…õ w…îdua mako na …õhy…õ ase…õ bere a, ne nyinaa mmere mmom, nanso bere pa mu no de…õ …õtwa to…î koraa no nso bere.","Peppers on the same plant ripen at various times; however, in time, even the last pepper on the plant will be ripe.",,,"When peppers start to ripen, they don't all ripen at once, but in due time, the very last one also ripens.",run_1
"‘êsiane saa nnepa a ‘ëw·¥ê mu no nti, ‘ëb·¥ê adwene no ho ban firi adwene mu nyarewa ho, na ‘ësane boa ma mframa pa nso k·¥ê adwene no mu.","Due its health benefits, it protects the brain from some mental infections and also help the brain to receive enough oxygen.",,,"Because of the nutrients it contains, it protects the brain from diseases, and also helps fresh air get into the brain.",run_1
Y…õgu so ara rehw…õ mogya mu nhwehw…õmu ahodo…î a …õs…õ s…õ …îbaa ne …îbarima bi y…õ ansa na w…îatu awade…õ ho anamm…în.,We are still on the different blood test in which every boy or girl should perform before planning to get married.,,,We are still looking at the various blood tests that a man and a woman should do before taking steps toward marriage.,run_1
"∆êba no saa a, …õmma akoma no mm…î nt…õnt…õm so nky…õn s…õde…õ …õs…õ s…õ …õb…î no, …õte aho…îden a akoma no de b…î mogya no so, na …õkyikyi nsuo ahodo…î bi nso a ne nyinaa ka b…î mu ma akoma no aho…îden.","In that case, it prevents the heart from beating rapidly under pressure beyond normal, and it makes the heart pump blood under low energy. It also releases some liquid in the body that are good for a healthy heart.",,,"When this happens, it prevents the heart from beating faster than it should, it reduces the force with which the heart pumps blood, and it also retains certain fluids, all of which combine to strengthen the heart.",run_1
"∆êgyina h…î ma sika, …îdehye…õ, p…õy…õ ne tumi.","Its stands for money, loyalty, equality and power.",,,"It stands for money, royalty, perfection, and power.",run_1
"‘ênam ahodo·¥ê mmienu na ‘ëkata saa akwan yi ani, a w·¥ên din ne Squamous ne Glandular nam.","There are two types of tissue covering the surface of these channels, namely Squamous and Glandular tissue.",,,"Two types of tissue cover these passages, and their names are Squamous and Glandular tissue.",run_1
"S…õ y…õhw…õ ber…õ a Tuchel baa kuo yi mu w‚ÜÑ ‚ÜÉp…õp‚ÜÑn, 26, 2021 mu no a ‚ÜÑne kuo yi ak‚ÜÑ akansie bebree.","Looking at when Tuchel came to the team in January 26, 2021, he has led the team to several league.",,,"When you look at the time Tuchel joined this team on January 26, 2021, he has taken the team to many competitions.",run_1
"Nnipa binom taa de mako noa w…în nnuane s…õde…õ …õb…õy…õ a w…îb…õtumi ate aduane no d…õ nanso afofor…î de…õ, s…õ mako a …õw…î aduane no mu nn…î…îso a, w…întumi nni.",Some people tend to cook their food with mako so that they can taste the food but others cannot eat it if there is not enough mako in the food.,,,"Some people often use pepper to cook their food in order to taste its flavor, but for others, they cannot eat if there is not enough pepper in the food.",run_1
"Yei nti, …õmaa nnipa dodo…î no ara k…îdii Owura J.B.Danquah amany…îkuo no akyi 1951 mu no, w…îtoo aba maa Owura J.B.Danquah s…õ …înk…îka abor…îfo no mmarahy…õ badwa no ho nnyina Ghana anan mu, Nanso, 1954 ne 1956 mu no, w…îanto amma no bio.","As a result of that, a lot of people surported Mr. J.B. Danquah's political party. In 1951, Mr. J.B.Danquah was elected to the white parliament to represent Ghana. However, in 1954 and 1956, he was not elected again.",,,"Therefore, most of the people followed Mr. J.B. Danquah's political party, and in 1951, they voted for Mr. J.B. Danquah to join the white people's legislative council to represent Ghana. However, in 1954 and 1956, they did not vote for him again.",run_1
"Akanfo…î abrab…î, w…în nyamesom ne w…în amammer…õ ne amanne…õ nyinaa akyi no, ade…õ baako nso a na w…întoto no ase koraa ne agodie.","In Akan tradition, besides their way of worship, culture, and rituals, they also place great value on their games.",,,"In addition to the Akan people's way of life, their religion, and all their culture and customs, one other thing they never neglected at all was games.",run_1
"∆êkyerŒµ sŒµ, sŒµdeŒµ na nhwehwŒµmu binom a Œµdii kan baeŒµ susuu sŒµ na nnuaa no tumi de saa mframa yi dodo sie w·¥ên mu no, ŒµnyŒµ saa na ŒµteŒµ seesei.","That is, as some earlier studies thought the trees were able to store large amounts of this gas internally, this is not the case now.",,,"This means that, what some previous research suggested‚Äîthat the trees were able to store this amount of gas‚Äîis not the case now.",run_1
"‚ÜÉde afotuo ne adesr…õde…õ too Ghanafo…î nyinaa anim s…õ, anim anim yi ara, w…însesa ak…înn…î a …õmu y…õ den a w…îw…î de ma nne…õma a w…îkra firi aman afofor…î so…î no.",He advised and appealed to all Ghanaians to change their strong desire to import goods.,,,"An appeal and advice was put before all Ghanaians to, as a matter of urgency, change their strong appetite for goods imported from other countries.",run_1
"Yei nti, s…õ y…õka ahonidie a, …õkyer…õ nney…õ…õ binom a y…õy…õ ma y…õn ho ne y…õn atenae…õ ho te s…õde…õ y…õde b…õb…î y…õn ho ban afiri nyarewa bebrebe ho.","For this reason, when we talk about cleanliness, it means certain practices we do for ourselves and our environment such that we protect ourselves from many diseases.",,,"Therefore, when we talk about hygiene, it refers to certain practices we undertake to keep ourselves and our surroundings clean in order to protect ourselves from many diseases.",run_1
W…îtumi hohoro ho we so saa ara anaas…õ w…îtumi nso de y…õ abomu anaa nkwan.,"They can be washed and eaten raw, or they can also be used to prepare food",,,"It can be washed and eaten as is, or it can also be used to make stew or soup.",run_1
"W…îwoo sinitwani yi w…î ∆Üsanaa bosome, da a …õt…î so 28 w…î afe 1984 mu. ∆Üne ne hokani Prince Odianosen Okojie w…î mm…îfra nnan.","The film was born on the 28th of October, She and her partner Prince Odianosen Okojie have four children.",,,"This actress was born on August 28, 1984. She and her husband Prince Odianosen Okojie have four children.",run_1
"Nna kakra bi ntam no, nsaa to trŒµ ba onipa no nsa ho, ne bo so, n‚Äôakyi, ne serŒµ ho, ne nan ho ne ne nan ase nyinaa.","Within a few days, rushes spread to the person‚Äôs arms, neck, back, chest, legs and feet.",,,"In a short while, sores spread on the person's hands, chest, back, thighs, legs, and all over the soles of their feet.",run_1
Nana Kwadwo Agyemang Adinkra a na …îy…õ Gyaaman hene na …îy…õ…õ saa agyinahy…õde…õ yinom de …îno ankasa din too so.,"Nana Kwadwo Agyemang Adinkra, a Gyaaman chief, is credited with designing the symbols and labeling them with his name",,,"Nana Kwadwo Agyemang Adinkra, who was the king of Gyaaman, created these symbols and named them after himself.",run_1
"Kokoram a …õt…î k…îk…îbo, faako a agyanan k…îtaa no mu no nso de ayamtim ba.","Cancer of the colon, where solid waste collects, can also cause constipation.",,,A cancerous growth in the prostate gland also causes prostate cancer.,run_1
Mma wo wer…õ mfiri s…õ wob…õky…õ ama wo nuanom ne w'ay…înkofo…î ama w…îanya saa nimde…õ yi bi.,Don't forget to share for your brethren and friends to also have this knowledge.,,,Do not forget to share with your siblings and friends so they may also have some of this knowledge.,run_1
Sei na ‚ÜÑkae…õ:‚ÄúY…õabara s…õ y…õde nnuane mane aman afofor‚ÜÑ a atwa y…õn ho ahyia no s…õde…õ …õb…õy…õ a y…õb…õtumi ayere aduane ahobamm‚ÜÑ mu yie.,"This is what he said: "" We are banning the exportation of food to countries surrounding us in order to tightened our food preservation.",,,We have banned the donation of food to our neighboring countries so that we can effectively address food security.,run_1
"Y…õtumi te nka s…õ adwuma no y…õ den dodo anaas…õ …õgye ber…õ dodo nti, y…õtumi b…î to h…î y…õ nnwuma afofor…î binom a y…õsusu s…õ …õno de…õ …õns…õe y…õn ber…õ anaas…õ y…õmmr…õ pii.","We may feel that the task is too difficult or time-consuming, so we may put them off, doing other activities that we think will save us time or effort.",,,"We may feel that a task is too difficult or time-consuming, so we might put it aside to do other things that we think won't waste our time or require much effort.",run_1
Afei w…îtumi k…îy…õ nkaeb…î w…î radio ne dawub…îbea ahodo…î so de b…î w…în adwuma no ho dawuro.,"Also, they make announcements on the radio and other places to advertise their products.",,,"Furthermore, they can make announcements on the radio and at various information centers to advertise their business.",run_1
"W…îhunu s…õ s…õ obi y…õ saa a, de…õ …õka ne s…õ awer…õho…î ahy…õ onipa no so.","When someone is seen in this position, what it communicates is that the person is saddened.",,,"It is seen that if a person does that, it means the person is overwhelmed by sadness.",run_1
"Akanfo…î gye di s…õ, …õsiane ns…õnkyer…õnne yi nti, ahonhom no ma w…în adwuma no k…î so ma w…înya dwa.",The Akans believe that the spirits help their work progress because of this gesture.,,,"The Akan people believe that, because of these signs, the spirits make their work progress so they find a market.",run_1
Nnyetomu nhyehy…õe…õ a Mia Motley ne Ghana aban y…õe…õ ber…õ a …îb…õsraa ‚ÜÉmampanin Akufo-Addo no maa w…înam so faa Ghana an…õ…õsefo…î b…õboro 100.,The agreement signed by Mia Motley and the Ghanaian government when Mia Motley visited President Akufo-Addo in 2019 allowed for the employment of over 100 Ghanaian nurses.,,,An agreement between Mia Mottley and the government of Ghana during her visit to President Akufo-Addo led to the recruitment of over 100 Ghanaian nurses.,run_1
"∆êduruu baabi no, s…õ na obi rek…îgye ntoma yi bi a, …õsiane s…õ na abor…îfo no to ma w…în nti, na y…õn nananom ka s…õ merek…îgye 'nto-ma' a …õkyer…õ s…õ, woreto biribi ama obi.","At some point, when someone was going to collect some of these clothes, since the whites were throwing them, our ancestors would say I am going to get 'nto-ma' which means, you are throwing something for someone",,,"It got to a point where, if someone was going to get some of this cloth, because the foreigners used to buy it for them, our ancestors would say, 'I am going to get 'nto-ma',' which means 'you are buying something for someone'.",run_1
"‘êny‘ë wei ne de‘ë ‘ëdi kan a Dumgya Adwumakuo no reb·¥ê y‘ën k·¥êk·¥ê w·¥ê wei ho, nanso y‘ëabu nnua agu y‘ën asom w·¥ê ho.","this is not the first time that the fire service unit is giving us education about this, but people have decided not to listen.",,,"This is not the first time the Fire Service has warned us about this, but we have turned a deaf ear.",run_1
∆Üd…î a y…õw…î ma mm…îfra na y…õsane dwene w…în daakye ho nti na ne bo…î da fam saa no s…õde…õ obiara b…õtumi ab…õhw…õ bi.,"Out of love for children and concern for their future, the price is so low that everyone can attend.",,,"The price is this low because of the love we have for children and our concern for their future, so that everyone can afford it.",run_1
Ber…õ nhyehy…õe…õ y…õ biribi a anka …õs…õ s…õ nnipa nyinaa tumi sua pa ara.,Time management is something that everyone should be able to learn very well.,,,Time management is something that everyone should be able to learn very well.,run_1
"Bamm‚ÜÑfo‚ÜÑ a na w‚ÜÑw‚ÜÑ h‚ÜÑ yeree w‚ÜÑn bamm‚ÜÑ mu yie s…õ w‚ÜÑmma nnipa nwira beae…õ h‚ÜÑ pii, nanso ank‚ÜÑsi aga.",Although the security service did all their best not to let in many people but it was fruitless.,,,"The security personnel on site tightened security to prevent too many people from entering, but it was unsuccessful.",run_1
Nkyenedie bebree nso tumi k…îfa ba.,Too much salt intake can cause it.,,,Excessive salt can also lead to it.,run_1
"NhwehwŒµmu kyerŒµ sŒµ, afe 2019 mu no, na nnipa  ·¥êpepe 301 na na w·¥êw·¥ê ateetee ho adwene mu haw a na Œµmu ·¥êpepe 58 yŒµ mm·¥êfra nketewa ne mm·¥êfra a w·¥ên ani rema so·¥ê.","Research shows that in 2019, there were 301 million people with suffering mental health problems, of which 58 million were children and adolescents.",,,"Research shows that, in 2019, 301 million people had an anxiety disorder, of which 58 million were children and adolescents.",run_1
"Saa da no, na meresa nsuo na …îfr…õ…õ me s…õ menk…îfa biribi mma me nanabaa. Meduruu h…î no, megyinaa …õkwan no ano, …õnna …îkaa s…õ menwura …õdan no mu nanso mampene.","On that faithful day, I was fetching water and he called me to pick something for my grandmother. When I got there, I stopped at the gate, he asked me in but I refused.",,,"On that day, I was fetching water when he/she called me to go get something for my grandmother. When I got there, I stood at the entrance, and he/she told me to enter the house, but I refused.",run_1
"Ne saa nti, s…õ wonni aho…îden a wode b…õd…î nsase adua nn…îbae…õ a, wob…õtumi ahwehw…õ ny…õmmoa a y…õaka w…în ho ns…õm yinom bi na wode afiri w'adwuma ase.","Therefore, if you do not have the strength to cultivate crops, you can look for some of these animals to start your business.",,,"Therefore, if you do not have the strength to till the land and plant crops, you can look for some of these animals we have mentioned and start your business with them.",run_1
"S‘ë woreyi aninnt·¥ên nwi ntoaso·¥ê no a, ‘ëtumi tete anaa bubu w‚Äôankasa wode‘ë no so, ‘ëtumi s‘ëe de‘ë ‘ëma enwi fifiri w·¥ê aniwa no ase no.","This is because when taking off this artificial eyelashes from your eyes, it cause breakages in your natural eyelashes and can even destroy the tissue that cause hair to grow beneath your eyes.",,,"Removing these eyelash extensions can pull out or break your own, and can damage the follicles from which the hair grows.",run_1
Mmire boa nipadua no pa ara ma …õtumi y…õ adwuma yie.,Exercise helps the body to function properly.,,,Mushrooms help the body to function very well.,run_1
"∆êno nti na s…õ Anlogahene redi afahy…õ a, …îtumi to nsa fr…õ Asantehene no.",That is the reason why if Anlo are celebrating their festival they can invite the Ashanti king,,,"That is why when the Anlogahene is celebrating a festival, he can invite the Asantehene.",run_1
Mmaayewa a w…înk…î sukuu koraa anaa w…înk…î nnuru akyiri y…õ ade…õ baako a …õde mperewanyins…õn ba pa ara.,Girls who do not attend school at or do not further their education are one of the main causes of teen pregnancy.,,,Young girls not attending school at all or not furthering their education is a major cause of teenage pregnancy.,run_1
"∆êny…õ obi na wab…î ne hokani tuo a, na …õy…õ obi na …îde sekan adi ne yere anaa ne kunu awu.","If it is not someone who has shot his/her partner, then it is someone who has stub his wife or her husband to death.",,,"It is not someone who has shot their rival, but someone who has stabbed their wife or husband to death.",run_1
"Mfuturo binom a Œµfiri mfididwumabea bi nnwuma mu ba no kita nnuro bi a ano yŒµ den a carcinogen w·¥ê mu, na ŒµbŒµtumi ama onipa bi anya honam ani kisikuro a ano yŒµ den.","some dust that comes from some industries contains some harmful chemicals such as carcinogen, and it can make someone contract skin sore which is very dangerous.",,,"Some dust from the activities of some factories contains harsh chemicals containing carcinogens, and can cause a person to develop severe skin cancer.",run_1
"Nhwhw…õmu kyer…õ s…õ saa aduro yin a …õtaa akomayade…õ, mogyaboroso…î, akomayade…õ, sawa/saa mu yare…õ akyiri no, nanso w…înya ny…õ…õ nhwehw…õmu biara a …õb…õdi ho adanse…õ.","Research suggests that this yin drug often causes heart attack, high blood pressure, heart attack, sawa/health disease later, but no studies have been done to prove it.",,,"Research shows that this medicine treats heart disease, high blood pressure, and epilepsy/seizure disorders, but no research has been done to provide evidence for it.",run_1
"Ebia anka nne…õma a w…îrese no s…õ …îrentumi ny…õ no nyinaa no y…õ de…õ …îb…õtumi ay…õ ama no aboro so mpo, nanso …õsiane s…õ ak…îba no sei na n'adwene agye atom nti no, daa …îhunu ne ho s…õ biribiara nni h…î a …îb…õtumi ay…õ.","Perhaps all the things he is being told he cannot do would have been even more than he could have done for him, but because it has come to him this way and his mind has accepted it, he always finds himself with nothing he can do.",,,"Perhaps all the things they say he cannot do are things he is capable of doing and even excelling at, but because he has come to accept this, he always sees himself as someone who can do nothing.",run_1
"De…õ nti a …õte saa ne s…õ, ahokyer…õ a …õw…î amansini binom te s…õ Suaman mu no y…õ (6.0%), Wassa Amenfi At…îe…õ de…õ y…õ (6.9%), …õnna Aowin nso kura …õmu (8.9%) p…õ.","the reason is that, the poverty rate in some district like the Suaman district is just 6.0%, Wassa Amenfi West has 6.9%, and Aowin also has 8.9%.",,,"This is because the poverty in some districts such as Suaman is (6.0%), Wassa Amenfi West is (6.9%), and Aowin also has only (8.9%).",run_1
YŒµatwa nnua akŒµseŒµ nyinaa ama akwaeŒµ adane mfofoo ne asase pŒµsŒµŒµ,"Because of deforestation, our forest has become desert and wilderness.",,,"We have cut down all the big trees, so the forest has become grassland and bare land.",run_1
"Mmom, …õhy…õ ase…õ firi Otumfo…î ∆Üs…õe Tutu I so …õfiri s…õ, ne p…õn so na ∆Ük…îmfo An…îkye yii Sika dwa Kofi maa Asanteman.","It started from Otumfo Osei Tutu 1 , because it was during his era that Okomfo Anokye Commanded the Golden stool",,,"However, it begins with Otumfuo Osei Tutu I because it was during his reign that Okomfo Anokye conjured the Golden Stool for the Asante Kingdom.",run_1
Onipa no br‘ë w·¥ê adidie ne ·¥ênom ho.,The person is tired of eating and drinking.,,,The person is moderate in eating and drinking.,run_1
"Bio nso, na mmaayewa ne mmerante…õ nyinaa hw…õ w…în ho so yie na ama w…îatumi akwati animguase…õ a …õte saa …õno nti, tete no, na mperewanyins…õn nn…î…îso s…õ …õnn…õ.","Furthermore, due to the responsible behavior and self-care practices among the young ladies and gentlemen in the towns or villages, the incidence of teenage pregnancy was significantly lower compared to the present times.",,,"Also, both young women and young men took good care of themselves to avoid such disgrace, and for that reason, teenage pregnancy was not as common in the past as it is today.",run_1
"Akanfo…î amammer…õ mu no, afade…õ ne ahosiesie y…õ biribi a w…întoto no ase koraa. wohw…õ mu a, w…în ahosiesie ka nne…õma ahodo…î a …õma w…îda nso firi kasakuo afofor…î ho no ho.","In Akan culture, festivals and dress are not underestimated. you see, their dress is among the various factors that also distinguish them from other dialects.",,,"In Akan culture, clothing and personal adornment are not taken lightly at all. In fact, their style of adornment is one of the things that distinguishes them from other ethnic groups.",run_1
B…î mm…îden na taa tenetene w'apom.,Try to exercise regularly.,,,Try to stretch your joints often.,run_1
"∆êsiane s…õ na Bafo Pem suro s…õ Abonofo…î yi b…õtumi ayi no ama nti, …îmaa w…înomm abosom; …õne s…õ, w…îtwaa w…în mogya guu nsuom maa obiara nomm bi.","since Bafo Pem was afraid that the of Bono will be taken off the throne, he gave them gods, that is , they spilled their blood into water to be taken by all.",,,"Because Bafo Pem was afraid that the Abonofo…î might betray him, he made them swear a fetish oath; that is, they drew their blood, poured it into water, and everyone drank some of it.",run_1
"W…în akraboa ne anene (kwaakwaadabi), ne asona w…î.",Their totem is crow and wild boar.,,,Their totems are the crow and the bat.,run_1
Ade…õ baako pa ara nti a nnipa y…õ mm…întoh…î ne osuro anaas…õ ehu.,One of the main reasons people are procrastinated is fear or dread.,,,The one and only reason why people are wicked is fear.,run_1
