text,ref,translated,similarity_score
"De…õ …õtwa to…î no, s…õ wotaa di aduaba yi a, …õb…õboa ama wo nipadua no atumi ako atia yare…õ koankor…î binom na asane nso ama nipadua no fa a …õko tia nyarewa no atumi ay…õ adwuma yie.","Finally, regular consumption of this fruit will help your body fight off certain diseases and also improve the immune system.","In summary, if you regularly eat this fruit, it will help your body to be able to fight against certain diseases and also help the part of the body that fights against illness to function well.",0.955078125
"Ebinom fa nney…õe…õ a …õs…õ s…õ y…õda no adi ma y…õn nsa ka ap…îmuden pa ho, ebinom fa nnuane a …õs…õ s…õ y…õdi, nnuro a …õs…õ s…õ y…õtumi fa ne dodo…î a …õtwa s…õ y…õde k…î y…õn nipadua mu ho.","Some are about the behaviors we need to exhibit to achieve good health, others are about the foods we need to eat, the medications we need to be able to take and the amounts we need to take into our bodies.","Some are about behaviors that we should exhibit to help us maintain good health, some are about the foods we should eat, medicines we should be able to take and the appropriate amounts we should put into our bodies.",0.9365234375
"∆êbinom nso w·¥ê h·¥ê a sŒµ w·¥êdi aduane a w·¥ên yafunu mpŒµ anaa ŒµnyŒµ mma w·¥ên yafunu a, Œµma w·¥ênya ayamtim anaa Œµma w·¥ên ayamtim yŒµ kŒµse.",There are others who develop or aggravate asthma when they eat foods that their stomachs do not like or are not suitable for their stomachs.,"There are also some people for whom when they eat food, their stomachs don't like it or it doesn't suit their stomachs, it causes them diarrhea or makes their diarrhea worse.",0.60498046875
Ayaresabea ny…õ fie.,Hospital is not like home.,The hospital is not a home.,0.81201171875
"∆êwom, obi nhy…õ da ntw…õn s…õ yade…õ bi b…õba ne so, anaas…õ …îny…õ obiara p…õ me s…õ …îb…õk…î mmer…õy…õ mu.","Although nobody lives to await sickness, nor wishes to fall sick or become weak.","True, no one ever expects to get sick, or not everyone wants to go through hard times.",0.64404296875
"3. W…î Bono Mantam; Baka a …õw…î Bui, Nsuo mu ban a …õw…î Bui.","3. In Bono County; Baka at Bui, Water fence at Bui.","3. In the Bono Region; The Baka in Bui, The Dam/Water barrier in Bui.",0.8359375
"W…îtumi dua nt…îmm…õ, abor…îb…õ anaas…õ kwadu w…î w…în mfuo no ano de to hye…õ.","They can create these boundaries with pineapple, banana, or any such plant.","They can plant peppers, pineapples or bananas at the edges of their farms to serve as boundaries.",0.75537109375
∆êbŒµboa yŒµn Abibifo·¥ê yi nso ama yŒµahunu sŒµ adeŒµ titire a Œµde ewiem nsakraeŒµ ba ne nnua mu kaab·¥ên a Œµnni soro w·¥ê yŒµn nsase so·¥ê no.,It will also help us Africans to recognize that the main cause of climate change is the lack of carbon dioxide in our lands.,It will also help us Africans to understand that the main thing that causes climate change is the carbon in trees that has no height on our land.,0.912109375
"Nnipa bebree na k…î kommy…õ mu …õnam yade…õ a …õteetee w…în nti, …õno nti metu wo fo s…õ, ma w'ap…îmuden ho nhia wo.","A lot of people turn to be depressed when suffering sickness. Hence, you're advised to be very vigilant about your health.","Many people have gone into retirement due to illnesses that have broken them down, so I advise you to take your health seriously.",0.44970703125
"Saa nney‘ëe‘ë yi si nnuannennuro a ‘ëw·¥ê aduane no mu no kwan, na ‘ëmma no nny‘ë de‘ë ‘ës‘ë s‘ë ‘ëy‘ë w·¥ê nipadua no mu.","These processes interfere with the absorption of nutrients in the food, preventing them from doing what they should in the body.","This substance blocks the path of the nutrients that are in the food, and prevents them from doing what they are supposed to do in the body.",0.76513671875
"Nanso de…õ …õte…õ ne s…õ, ntoma ankasa de…õ, n'ab…îse…õ mfiri Akanman mu.",But the fact is that the cloth itself is not of Akan origin.,"But the truth is, the cloth itself, its origin is not from Akan land.",0.93896484375
"W·¥êkyerŒµ sŒµ, berŒµ a mfifideŒµ de kaab·¥ên yi sie no yŒµ adeŒµ a nsesan ne nwura ahodo·¥ê binom a w·¥ênyini w·¥ê mmerŒµ binom mu deŒµ no yŒµ tia, Œµna nnua a afe biara w·¥ênyini no nso deŒµ ware kakra.",It is shown that the storage time of this carbon by plants is shorter than that of some seasonal weed species and slightly longer than that of annual trees.,"It shows that, the period during which the plant stores this carbon is short for some annual and perennial herbs, while it is slightly longer for trees that grow every year.",0.8310546875
"∆ête sei de…õ a, …õnne…õ ad…õn na awofo…î binom bu w…în mma abam ma w…îhunu w…în ho s…õ mfaso…î biara nni w…în so yi?","Why, then, do some parents discourage their children for them to feel worthless?","So then, why do some parents today neglect their children to the point where they see no value in them?",0.75341796875
Wei maa no b…õfaa n‚Äôadwomfo…î no bi k…îkaa ho maa w…îkyer…õ…õ Asanteman adwinne…õ.,This made him to come and pick some of his people to add up and to teach Asanteman sense.,This caused some of his musicians to join and showcase Asante culture/craftsmanship.,0.5048828125
Kwan a Obi B…õtumi Afa so Ab…î ne Ho ban a Ne Dwons…îtoa a ∆êkyi Nsuo Ho Nka.,How to Protect Yourself Without Sensitivity to Water-Averse Bowel,A Way Someone Can Protect Themselves from the Harmful Effects of Their Water-Resistant Spray Bottle.,0.3203125
"T…îfab…î mu no, ahw…õgor…î yi fa aberante…õ bi a w…îfr…õ no Isaac ho, ∆Üy…õ …îbarima bi a n'afipamfo…î nyinaa p…õ n'as…õm pa ara.","In part, this play is about a young man named Isaac, He is a man who is very popular with all his neighbors.","In the match, this game is about a young man called Isaac. He is a man whose friends all wish him well.",0.6259765625
"Mo mmienu nyi nna bi nsi h·¥ê a mode b‘ëy‘ë biribi soronko koraa; s‘ë ‘ëy‘ë agodie, mpaeb·¥ê, anaa s‘ë morek·¥êgye moani ab·¥ê mu w·¥ê baabi soronko bi wc ber‘ë soronko bi mu.","Set aside days for the two of you to do something completely different; whether it is playing, praying, or having fun together in a special place at a special time.","You two should have a day where you do something special together; whether it's a fun activity, prayer, or going on a retreat somewhere special at a particular time.",0.8046875
∆ênne…õ ad…õn na wonky…õ mma afofor…î na w…în nso nnya mu ky…õfa?,So why not share it with others so they can share in it?,Why don't you share with others today so that they too can have a portion?,0.51416015625
Ebi nni ho nso a w…îtwer…õ no s…õ …îy…õ 'negative'.,"if some is not there, they write it negative.",There is none but it is written as 'negative'.,0.69775390625
Adidie basabasa bi te s…õ asikyire anaa ad…îk…îd…îk…î nnuanedie bebree nso tumi k…îfa saa yade…õ yi ba.,eating more sugar or eating more sweet foods can also cause this disease.,Some unhealthy foods like sugar or many sweet foods can also bring about this disease.,0.89892578125
"Afei nso, w…îsan kyer…õ s…õ, salm…în tumi boa ma nipadua no nya Vaetam…õn D a …õboa ma apemfo…î ne ab…îfra no nyinaa nnompe mu y…õ den na w…îsan nya ap…îmuden pa nso.","In addition, salmon is also shown to provide vitamin D, which helps to strengthen bones and restore good health in both the mother and child.","Furthermore, they also indicate that salmon can help the body obtain Vitamin D which helps strengthen the bones and teeth of both adults and children and also helps them achieve good overall health.",0.90234375
S‘ë wo ne obi de pane‘ë koro anaa nne‘ëma a w·¥êde y‘ë nnuro ho adwuma,If you share the same pants or equipment,If you and someone share a needle or items used for drug use,0.48095703125
"Amansini nnan binom w…î h…î a, …õwom s…õ w…în ho kyere w…în de…õ, nanso …õny…õ nea ano y…õ den s…õ nkae…õ a y…õabob…î so no.","there are four other districts, though they also live in poverty, but it is not all that serious as those that have been mentioned.","There are four countries that, while they show some promise, they are not as strong as the remaining summaries we have compiled.",0.3603515625
"Yei kyer…õ s…õ, …îdii ade…õ mfe…õ aduoson ne nnafua ahanu ne dunan.","This shows that she reigned as a Queen for seventy (70) years, two hundred and fourteen(214) days.","This means that, he/she reigned for seventy years and two hundred and fourteen days.",0.76806640625
"Nanso, w…în a w…îdua t…în no de…õ, w…îdua nn…îbae…õ baako p…õ w…î asase k…õse…õ pa ara so.","However, the ton growers grow only one crop on a very large area.","But, those who sow on good soil, they bear only one fruit on very good ground.",0.55078125
Afei pra wo dan mu ber…õ biara na siesie h…î.,Then clean and tidy your room regularly.,Now sweep your room always and tidy up the place.,0.76171875
"Awofo…î, momma mo anom ns…õm ny…õ nhyira de…õ w…î mo mma so.","Parents, let your words be a blessing to your children.","Parents, let your words be a blessing upon your children.",0.98876953125
"Saa nsa mmienu yinom mu na w…îtumi noa, s…îne so, b…õnya ap…õt…õsi.",From these two wines is where they are able to produce the alcoholic beverage called akpeteshie.,"Among these two hands, one can cook, pound, and obtain palm wine.",0.31396484375
Nnaw…îtwe yi ahy…õase…õ mu ara na Ghana sikakorabea ne sikakorabea ahodo…î ne mpanimfo…î a w…îda sikakorabea a …õsesa sika k…î sika fofor…î mu no hyiae…õ.,"At the beginning of this week, the Ghana Bankers Association held a meeting with the Bank of Ghana to discuss strategies and measures for effectively managing the country's financial resources.","At the very beginning of this week, the Ghana Stock Exchange and various financial institutions and executives who are in the financial sector that converts currency to new currency met.",0.67822265625
"Tete no, na s…õ …îbaa anaa …îbarima bi nwo a, w…îtumi gyina so gu aware…õ no.","In the olden  days, if a man or a woman is impotent, they sometimes rely on it to de-solve the marriage.","In the past, if a woman or man was barren, they could use that as grounds for divorce.",0.58251953125
"Anas Aremeyaw Anas de too dwa s…õ, Owura Charles Adu Boahen kaa s…õ, ""Sika a ∆Ümanpanin ab…õdiakyire no hia ara ne Amerika sika $200,000 a …õb…õdi adanse…õ s…õ onipa a …îrehwehw…õ adwuma no ay…õ krado s…õ …îp…õ s…õ …îhunu no ne no di nkitaho biara a …õfa adwuma no ho s…õde…õ …õs…õ.","Anas Aremeyaw Anas announced that Mr. Charles Adu Boahen said, ""The only money the Vice President needs is US$200,000 to prove that the person applying for the job is willing to see him and make any contact with him of the work properly.","Anas Aremeyaw Anas played a video showing that Mr. Charles Adu Boahen said, ""The only money the President's representative needs is $200,000 in American dollars as proof that the person seeking the job is serious enough to want to meet with him for any discussions related to the job as it should be.",0.84912109375
"∆êno nti, ŒµyŒµ a ·¥êmpŒµ sŒµ ·¥êbŒµhunu saa asŒµm no bi anaa biribi a Œµte saa.","Therefore, sometimes he may not want to experience that incident or something of that sort.","Therefore, it is as if he does not want to see such a matter or anything like that.",0.654296875
"∆êno nti, Akanfo…î ntoto abadinto…î amammer…õ yi ase koraa.","Therefore, the Akans do not overlook this traditional naming culture at all.","Therefore, the Akans take the naming ceremony tradition very seriously.",0.61572265625
"Ns…õm bi a ekuo no de too dwa mu no, w…îkaa s…õ, w…îgye tom s…õ fangoo bo…î ay…õ den w…î …îman yi mu baabiara de…õ, nanso …õs…õ s…õ aban no hunu s…õ …õpokor…î adwuma no nte s…õ nnwuma nkae…õ no a w…îtumi y…õ no ber…õ biara no.","The group continued that, they agree that the price of the fuel is expensive but the government should subsidies the price for them because seasonal variation of their work","Some of the issues the group raised in the discussion, they said, they believe that the cost of fuel has become expensive everywhere in the country, but the government needs to understand that the petroleum sector is not like other jobs that can be done at any time.",0.66015625
"Nipa no b…õtaa adwons…î bebree, afei suk…îm ne …õk…îm taa di no nt…õnt…õm so.","The person will have much frequent urinal discharge, then frequent thirst and hunger.","The person caught many fish, but now thirst and hunger frequently trouble him.",0.4140625
"W…îkyer…õ s…õ, yei b…õtumi aboa ama dwons…îtwaa mu yare…õ a apemfo…î taa nya no, w…îatumi akwati.","This is said to help prevent urinary tract disease, which is common in pregnant women.",They indicate that this could help prevent thousands of people from contracting a disease that they commonly suffer from.,0.4501953125
"Nanso s…õde…õ …õb…õy…õ a wob…õhunu wo gyinabea nt…õm nti, b…î mm…îden hunu wo d…îkota nt…õm so ber…õ a wob…õhunu badwoa yi no, na woatumi ako atia yade…õ no nt…õm so.","But in order to know your status quickly, try to see your doctor as soon as you notice these symptoms, so that you can fight the disease quickly.","But in order to find out your status quickly, try to see your doctor as soon as you notice this lump, so that you can fight the disease early.",0.73876953125
N‚Äôabusua ne n‚ÄôagyapadeŒµ.,His family is his properties.,His/her family is his/her inheritance.,0.7216796875
"Afei nso, …õs…õ s…õ w…îy…õ nhwehw…õmu k…î akyiri na w…îhunu s…õde…õ …îmanfo…î asetena te…õ, na ama w…îatumi de nne…õma a …õb…õma w…în astena atu mp…în no ama w…în.","and again, they have to do a comprehensive research to know more about the life of the people, so it can guide them to provide good developmental project for the people.","Now also, they need to do research going back to find out how the citizens' living conditions are, so that they can provide them with things that will improve their living standards.",0.6669921875
"Kwadu so mfaso…î fofor…î nso ne s…õ, …õw…î nnuanennuro bi a w…îfr…õ no faeba a …õboa si ayamtim ano kwan.",Another benefit of quail is that it contains fiber which helps prevent asthma.,Another new benefit of banana is that it contains certain compounds called flavonoids which help to prevent stomach ulcers.,0.28564453125
Afei y…õhunu bamkyini…õ a Nyankont…în ahosuoa ahodo…î no bi w…î mu a na …õkyer…õ b…õn a saa hene no ne ne man b…õn Onyankop…în.,A king's umbrella bearing some colors of the rainbow denotes the closeness of that king and his people to God.,Now we will see some of the various characteristics that the rainbow contains and what they indicate about the relationship between that king and his people before God.,0.74658203125
"Nwiram adwuma binom te s…õ kuay…î, ahay…î ne ab…õtwa ne adwuma titire a na y…õn nananom y…õ.","Our ancestors worked primarily in the forest doing things like farming, hunting, and tapping palms for wine.","Some farming activities like weeding, harvesting and palm nut cutting were the main work that our ancestors did.",0.7822265625
"Okuani bi a w…îfr…õ no Stephen Beyuo b…î abubuo aber…õ nyinaa s…õ, de…õ …õsoso no adae…õ b…îne w…î kuay…õ mu ne s…õ …îb…õy…õ awie ama nn…îbae…õ no aba na …înnya kaa mma no nk…îfa, …õsiane kwan no nti.",A farmer named Stephen Beyuo always laments that his worst nightmare in farming is to finish the crop and not have enough money to take it because of the road.,"A farmer called Stephen Beyuo always complains that what worries him most in farming is that he will finish working to get the harvest and then not get vehicles to come and carry it, because of the road.",0.89013671875
"Martin Kpebu a …îy…õ ankor…õankor…õ mmaranimni a …îrepem so s…õ …õsiane ahokyer…õ ne ahohiahia a …õrek…î so w…î Ghana nti, ‚ÜÉmampanin Akufo-Addo b…õsiane afiri ne dibea no so na …îtaa saa atuate…õ yi akyi.","Martin Kpebu, a private legal practitioner, is pushing for the resignation of President Akufo-Addo over Ghana‚Äôs current economic woes.","Martin Kpebu, a private legal practitioner who is pushing for President Akufo-Addo to step down due to the ongoing hardship and suffering in Ghana, has backtracked and is now supporting this decision.",0.7392578125
"Awode‘ë ano no w·¥ê ·¥êfa bi a ‘ëw·¥ê ·¥êkwan a ‘ëda k·¥ê ‚Äú·¥êbaa‚Äù no kwan no mu, ne de‘ë ‘ëda awode‘ë no kwan no mu ankasa.","The cervix is located on the side of the opening to the ‚Äúwoman‚Äôs‚Äù opening, and the one that actually lies inside the opening of the birth canal.","The entrance of the vagina has a part that is on the path leading to the ""woman's"" path, and that which is on the path of the vagina itself.",0.55126953125
"∆Ühaw fofor…î nso ne s…õ, …îbaa bi anhunu yade…õ yi mu biara nt…õm ans…î ano na …îde nyins…õn a, …õb…õtumi anya nsunsuanso…î w…î ab…îfra a …înyem no…î no so ma mpo …õtumi b…î ak…îkoa no anifira ber…õ wawo no…î no.","Another problem is that, if a woman does not detect any of these diseases early and becomes pregnant, it can affect the unborn child and even cause blindness at birth.","Another problem is that, if a woman does not recognize the symptoms of this disease early enough and she becomes pregnant, it can have complications on the unborn child and can even cause the baby to be born blind.",0.892578125
"‚ÜÉkyer…õ mu a, …îman no asie sika k…îk…î…î pii a w…îb…õtumi de adi nsesa agye fangoo s…õde…õ …õb…õy…õ a fangoo bo…î a ahuri k…î soro no so b…õte.","He explained that, the country has enough gold to trade for oil in order to reduce the hike in the price of oil.","In summary, the country has reserved a lot of gold that can be used to buy foreign exchange in order to stabilize the exchange rate should the value of the foreign currency rise.",0.6611328125
Nsuo fitaa bi firi w…în ase ba.,there is whitish water color coming from their vagina.,Some white liquid comes from beneath them.,0.60888671875
"De…õ nti a …õte saa ne s…õ, sohyia midia rekyer…õ mmabunu dodo…î no ara …îbra a apor…î na …õmfata ∆Ükani ba.","This is because, social media is training the most of the youths a life which doesn't fit an Akan child.","The reason why it is so is that, social media is showing the majority of young women a lifestyle that is foreign and unbecoming of an African child.",0.60986328125
"∆êt…î da mpo a, na w…îtumi de nkyene gu mu toto we no saa ara.",Sometimes it could even be eaten with salt in the same way.,"Even on the day it falls, they can still add salt to it and chew it just like that.",0.64453125
Saa dwumadie yi k…î…î so ara nyinieŒµ ama mpo ŒµnnŒµ wok…î aman ahodo…î so na wob…î saa dwumadie no din a afofor…î bŒµhunu dwumadie kor…î.,This service continued to grow so that even today you go to different countries and mention the name of the service that others will see the same service.,This work continued to grow so much that even today you can go to different countries and mention the name of this work and others will recognize the same work.,0.51904296875
"S…õ saa nnipa baanu yi bu w…în ani gu wei so ware a, mm…îfra baanan a w…îb…õwo biara mu no, …õmu baanu gy…õnotaopo b…õy…õ AS (de…õ …õho ate kyema kakra), na baanu a aka no nso de…õ ay…õ SS (de…õ ate kyema pa ara).","If these people get married, with all the four children they will produce, two of them will have AS genotype ( half defect), and the other two will be SS ( full defect).","If these two people decide to marry each other, out of every four children they will have, two will be AS carriers (which is relatively mild), and the remaining two will be SS (which is the most severe form).",0.71533203125
"‘êno nti, ‘ëhia pa ara s‘ë wode nnuane a ‘ëb‘ëboa ama w‚Äôadene no asi pi asi ta b‘ëka wo nnuane ho.",That is why it is very essential to include foods that helps the brain in your diet.,"Therefore, it is very necessary that you include foods that will help your kidneys function properly in your diet.",0.3759765625
"Kane a na akuafo…î mfa nnuro ngugu w…în nsase ne w…în nn…îbae…õ so no, na w…îtumi nya nhabamma, atosode…õ ne nnuaba binom di de sa w…în ho yare…õ.","In the past, farmers did not apply pesticides to their lands and crops, and they could eat certain vegetables, fruits, and herbs for healing","When farmers did not apply medicines on their farms and crops, they were able to get some leaves, roots and fruits to cure their illnesses.",0.78173828125
"S‘ë mfidie mu nkanea ne ·¥êhyew k·¥ê obi mu pii a, ·¥ênya ayamkuro.","If too much outdoor light and heat gets into a person, he gets a cold.","If electrical sparks enter someone's body frequently, they will get cancer.",0.372802734375
"Afei nso, s…õ wohunu hank…õkyifu a bese, nkosua, aburo, …õmo ne nne…õma binom a …õtete saa gugu so…î w…î nkwantannan so a, na …õreka s…õ obi ab…õyi ne tiri mmusuo.","Another sign of a ritual to banish ill luck was a handkerchief placed near a four-way intersection containing kola nuts, eggs, corn, rice, and other similar foods.","Now also, if you see scattered cowries, kola nuts, eggs, corn, rice and some other things like that scattered at a crossroads, it is saying that someone has come to remove a curse from their head.",0.6708984375
"Yei nti, na w…îde y…õ nkwan binom te s…õ abunuabunu ne ab…õnkwan.","For this reason, it was used in some dishes such as bread and butter.","Because of this, it is used to make some soups such as egusi soup and palm nut soup.",0.56201171875
Wei na y…õfr…õ no s…õ kooko no.,This is what is referred to as piles.,This is what we call the porridge/red.,0.424560546875
Ns…õnkyer…õnne a …õkasa a anka y…õde di dwuma kane no nhy…õ da nni h…î bio nanso …õnkyer…õ s…õ w…îmfa nni dwuma koraa bio.,"Nonverbal communication that was used in the past is not really there anymore; however, that does not mean that it is no longer in use.",The syntax that was previously used for speech no longer exists but that does not mean it should not be used at all anymore.,0.529296875
"∆ênn…õ nso, nnipa binom ahy…õ da afa ab…õ…õfo kwan so ay…õ mfuo a w…îde y…õn ak…îkono t…în ma nkur…îfo…î k…ît…î di.","Today, some people have used technology to make farms for palm weevil larvae production where people go and buy from.","Today again, some people have set aside a day to use the abattoir route to sell our hearts to the villagers to buy and eat.",0.330078125
"Kae s…õ, saa yade…õ a y…õreka ho as…õm yi nka nyarewa a y…õnya firi nna mu nkitahodie mu, …õfiri s…õ …îbaa bi b…õtumi anya yade…õ yi w…î ber…õ a …îne barima biara nhyiaa w…î nna mu da.","remember that, this disease that we are talking about is not part of sexually transmitted diseases, because a woman can contract this disease even when she had not had any sexual affair with any man.","Note that, this disease we are talking about is not an illness that we get from sexual contact, because a woman can get this disease even if she has never met any man sexually.",0.87646484375
Afei te asikyire nnuanedie nso so. Yei ne kakra a y…õb…õtumi asua afa dwons…îtoa a …õkyi nsuo no ahonhono ho.,Then sit on the asikyire diet as well. Here is a little we can learn about the inflammation of the urinary tract.,Now it also applies to sugary foods. This is a little that we can learn from the rejection of sugary drinks.,0.2230224609375
"∆Übaapanin no de ne nsateaa akyer…õkyer…õkwan no di kan b…î nsa no mu de ka ab…îfra no k…õtr…õma so ka s…õ, ""Asomasi (∆Üb…î ab…îfra no din a w…îde ato dwa no fr…õ no), wohunu s…õ …õy…õ nsa a, ka s…õ nsa na nse s…õ …õy…õ nsuo.""",the old woman dips her finger in the alcohol and use it to touch the tongue of the child and say if u see alcohol say alcohol don't say its water.,"The old woman first dipped her fingertips into the drink and touched it to the baby's lips, saying, ""Asomasi (She calls the baby by the name that has been publicly given to him), if you taste that it is drink, say that it is drink and not water.""",0.69873046875
"∆ênnŒµ, yŒµnhunu saa nneŒµma yinom nyinaa bio Œµfiri sŒµ yŒµmfa saa mmara no nyŒµ adwuma seesei.","Today, we don't see all these things because we no longer abiding by these laws.","Today, we will not see all these things again because we are not using those laws now.",0.76904296875
"Wotumi hw…õ w'adidie mu yie na wodi nnuane pa a, …õb…õboa ama w'adwene no ay…õ adwuma yie …õfiri s…õ, wob…õtumi asusu nne…õma ho yie na wob…õtumi nso akae nne…õma nt…õm.",Being able to control your diet and eat healthy foods will help your mind to work better because you will be able to think clearly and remember things faster.,"If you take good care of your diet and eat nutritious food, it will help your brain function well because you will be able to think clearly and also remember things quickly.",0.8349609375
"Ab·¥êdeŒµ mu nyansapŒµ adesua kyerŒµ sŒµ, mframa a Œµfiri nnua ne aduadeŒµ mu no na nnipa home k·¥ê ne mu, na nnua ne aduadeŒµ nso ahome deŒµ nnipa home ba ab·¥êntene no.","Scientific study shows that the air from trees and plants is breathed in by humans, and the air from humans is breathed in by trees and plants.","The study of nature's wisdom shows that the air that comes from trees and plants is what humans breathe in, and trees and plants in turn breathe in what humans breathe out.",0.837890625
"Nanso ayamtim a aba onipa bi so atenaseŒµ na ayŒµ sŒµ yadeŒµ koankor·¥ê no kyerŒµ sŒµ, akwaa no ahodo·¥ê a Œµboa yam aduane a yŒµdie no ma no yŒµ adwuma no nyŒµ adwuma sŒµdeŒµ anka ŒµsŒµ sŒµ ŒµyŒµ.","However, the presence of constipation as a chronic disease means that the various organs that help digestion are not working as they should.",But the inflammation that has come upon a person's gut lining and has become like a chronic disease means that the various types of bacteria that help digest the food we eat are not functioning as they should.,0.6630859375
S…õ …õk…îba no saa a agye s…õ …îsoa nne…õma no w…î n‚Äôapampam de k…î dwa so anaa de k…î fie.,If that happens he has to carry the items on his shoulders to the market or home.,"If it comes to that, except that he carries the goods on his back to the market or to the house.",0.72900390625
"Afei s…õde…õ na w…îde ntoma binom bu nnipa binom b…õ no so ate, obi de ntoma no f…õ na …õfira, na mmom …õny…õ ne din.","Also, the art of communicating with someone using symbols from the prints in a cloth has reduced; people wear the cloth based on how nice it is, not its name.","Now as for how some people are respected because of certain clothes, some people it is the beauty of the cloth that stands out, and not their name/reputation.",0.472900390625
Mogya a nananom hwie gui…õ nya de too h…î maa y…õn,The blood shed by the ancestors got laid down for us,The blood that our ancestors shed and used to establish this place for us,0.64501953125
Ky…õ ma afofor…î nso nhunu saa mfaso…î yinom bi.,Share for others to benefit from these vital information.,Share so that others can also see some of these benefits.,0.615234375
Megye di s…õ woahunu s…õ mfaso…î bebree w…î bragor…î so pa ara.,"Certainly, the rite of menarche holds significant benefits for young women and you will agree with me as well",I believe you have seen that there are many benefits in marriage indeed.,0.3603515625
"W…în nnyeso…î ne ‚ÄúOfori-na‚Äù, anaa ‚ÄúOfoona‚Äù.","their response is ""Ofori-na' or ""Ofoona"".","Their surname is ""Ofori-na"", or ""Ofoona"".",0.64892578125
"‚ÜÉde kaa ho s…õ, …õho hia nso s…õ aban no boa w…în a w…îy…õ nne…õma no s…õde…õ …õb…õy…õ a w…îb…õtumi ay…õ nne…õma a …õsom bo pa ara a y…õb…õtumi de amane aman afofor…î ama mfaso…î aba so ama …îman no na …îman no agye din w…î wiase aman nyinaa dwa so.",He added that it is also important for the government to support the manufacturing sector to develop a competitive export product that will be able to compete on the international market.,He added that it is also necessary for the government to support those who make the products so that they will be able to make very high quality products that we can export to other countries for the benefit of the nation and for the nation to gain recognition in the global market.,0.81689453125
"Hy…õ no nso s…õ mm…îfra taa nya w…în resose mogya firi w…în agyanom h…î, s…õ …õy…õ 'positive' anaa 'negative'.","Note thar, children mostly get their resource blood from their fathers, either positive or negative.","Ensure also that children regularly get their blood type from their parents tested, whether it is 'positive' or 'negative'.",0.5146484375
"‚ÜÉkasamafo no daa no adi s…õ, s…õ w…îwie saa akwankyer…õ yi a, w…îde …õho as…õm b…õba ab…õto w…în nyinaa anim ama w…îasi gyinae…õ.","The Speaker further clarified that once the Adhoc committee completes its investigation, the findings will be presented to the entire house for a collective decision to be made on the matter.","The spokesperson revealed that once this roadmap is completed, the matter will be brought before all of them to make a decision.",0.5849609375
"∆êno nti, …õho hia pa ara s…õ y…õtaa di mmire.","Therefore, it is very important to eat millet regularly.","Therefore, it is very important that we regularly eat mushrooms.",0.509765625
"Amaneb…î a Asoe…õ a Kuay…î ho Ns…õm so no de b…õtoo dwa kyer…õ…õ mu s…õ, atirimp…î a w…îde abue saa dwa yi nyinaa ne s…õ …õb…õboa ama nnuane bo…î a ahuri k…î soro w…î …îman yi mu no b…õtumi aba fam s…õde…õ mmobor…îfo…î ne w…în a w…în nsam nhy…õda nni bi no nyinaa b…õnya w…în so ne w…în de…õ at…î.",The report released by the Ministry of Agriculture explained that the overall objective of the opening of these markets is to help bring down the soaring food prices in this country as the poor and the underprivileged all who do not have it will have theirs on them and theirs will be bought.,The news about the opening of the Kumasi Market was explained that the main purpose of opening this market is to help bring down the high food prices in the country so that the poor and those with limited income can afford and get what they need.,0.828125
‘ês‘ë s‘ë onipa no te nnuro a w·¥êde te yaw biara so·¥ê no so.,The person should stay on any pain medication.,The person should be taking the medications that are used to treat every pain/illness.,0.740234375
"As…õm no kae s…õ w…în a wonnim akenkan ne akyer…õw no mu …îpepem 4.6 y…õ mmea na …îpepem 3.3 y…õ mmarima, na …õkyer…õ s…õ mmea w…î …îhaw bi a na …õk…î so tra h…î bere tenten.","The news stated that 4.6 million of the illiterate are women and 3.3 million are men, this shows that women have some challenges which can last long.","The report stated that of those who cannot read and write, 4.6 million are women and 3.3 million are men, indicating that women have a problem that has persisted for a long time.",0.76416015625
Woy…õ …îbarima? ∆ênne…õ saa ap…îmuden adesua yi ho hia wo  papaapa.,Are you a man? Then this exercise is very important to you,Are you a man? Then this strength training course is very important for you.,0.669921875
"S…õ y…õhw…õ mu a, Aisha Huang opeemu no ankasa de…õ, NPP mu nnipa titire, Nkrabea Effah Dartey na ‚ÜÑregyina n‚Äôafa adi n‚Äôas…õm no.","In fact, Aisha Huang's appeal itself is being defended by NPP figure, Nkrabea Effah Dartey.","Looking at it closely, as for Aisha Huang's deportation itself, a prominent NPP member, Nkrabea Effah Dartey, is the one standing on her side defending her case.",0.82568359375
Atadwe yŒµ aduadeŒµ a w·¥êdii kwan duaa no w·¥ê Egypt no mu baako.,Tiger nuts is one of the first crops to be grown in Egypt.,Tiger nuts are one of the oldest cultivated foods in Egypt.,0.9482421875
∆ês…õ s…õ woy…õ yei ber…õ a woremma no ntwetwe w'adwene mfiri nne…õma a …õho hia pa ara woresusu ho no so.,You need to do this while not letting it distract you from the more important things you are thinking about.,You should do this while not allowing yourself to be distracted from the things you are really focused on that are very important.,0.84228515625
"Obi wu patuwuo a, Akanfo…î gye di s…õ wato ne k…în awu nti w…îy…õ no ayi pa.","When someone dies unprepared, Akans believe that he has locked his neck dead so they give him a good funeral.","If someone dies suddenly, the Akan people believe that they have been killed by a witch, so they give them a good funeral.",0.77734375
Ns…õnkyer…õnne…õ b…õn na …õb…õda adi ama obi ahunu s…õ …îw…î ayamtim?,What are the symptoms of constipation?,What signs will be revealed for someone to know that they have diabetes?,0.40771484375
"De…õ …õte…õ ne s…õ, pr…õk…õs…õ y…õ aduaba bi a …õtu hua yie, na s…õ obi de rey…õ aduane na wonam akyiri koraa a wotumi te.","The fact is that the Aidan fruit is one that has a strong scent; therefore, the aroma from food being prepared with it can be sensed from quite a distance away.","The truth is that prekese is a fruit that has a very strong aroma, and if someone uses it to cook food, you can still perceive the smell even from a distance.",0.568359375
"∆êsiane yei nti, s…õ wowe kar…îto a, …õmma …õk…îm nne wo nt…õm.","For this reason, eating carrots prevents you from feeling hungry quickly.","Because of this, if you eat carrots, it will not make you feel hungry quickly.",0.939453125
"Animdefo…î kyer…õ s…õ, aho…îdennuro bi a w…îfr…õ no Omega 3 fati ased w…î salm…în mu a …õboa apemfo…î nipadua pa ara.",Experts says that salmon contains Omega 3 fatty acid which is very helpful for the body of pregnant women..,Experts say that a certain fatty acid called Omega 3 found in salmon greatly benefits the body of the elderly.,0.55810546875
Owura Sarpong a w‚ÜÑde saa kwaadu yi ab‚ÜÑ no no gyee apoob‚ÜÑ ns…õm a w‚ÜÑaka afa ne ho s…õ ‚ÜÑy…õ no nyinaa too mu.,Mr Sarpong who was found guilty accepted all the fraud cases on him.,"Mr. Sarpong, who was accused with this banana, accepted all the allegations made against him in their entirety.",0.69580078125
"W…îsan kyer…õ s…õ, aduaneduro bi a w…îfr…õ no folate nso ahy…õ no ma, na saa aduaneduro yi boa …îpemfo…î no ne ab…îfra a …îhy…õ yafunu mu no nyinaa.","It is also said to be rich in folate, which helps both the pregnant woman and the unborn child.","They also indicate that it has been enriched with a nutrient called folate, and this nutrient benefits both the pregnant woman and the unborn child in the womb.",0.9111328125
"Ansa na Asanteman reb…õk…î …îko yi no, ∆Ük…îmfo An…îkye hw…õ…õ p…õt…õtakra mu.","Before the Asanteman went to this battle, the Wizard of the Morning looked into the peat.","Before the Asante nation went to this war, Okomfo Anokye consulted the oracle/divination.",0.437744140625
"Mpane…õ no bi b…õtumi ay…õ de…õ …õb…õb…î wo ho ban afiri papuu, ntoburo, atiridii ne nyarewa afofor…î ho.","Some of the vaccinations can be used to protect you from flu, measles, malaria and other diseases.","Some of the herbs can protect you from colds, measles, chickenpox and other diseases.",0.60986328125
"S‘ë w…îp…îre nnuaba ho a, w…îtwe ‘ëmu nnepa no ne de‘ë ‘ëboa nipadua no firi mu.","When fruit is peeled, the nutrients and nutrients are extracted.","When fruits are being selected, they pull out the good ones and those that benefit the body from among them.",0.72705078125
"∆ête saa de…õ a …õnne…õ na y…õrebisa s…õ, …õde…õn na …îbaa bi taa y…õ a …õk…îfa wei ba?","if it is so then we are asking that, what has been the cause of this disease.?","So what is it that we are asking today, what does a woman usually do that leads to this?",0.12255859375
Kwan Ahodo…î a Obi b…õtumi Afa So As…î Dwons…îtoa a ∆êkyi Nsuo no Ahonhono Ano.,Different Ways One Can Control Urinary Incontinence.,Different Ways One Can Use to Clean the Mouth/Nozzle of a Water Repellent Spray Bottle,0.1444091796875
"Agor…î yi mu no, agofomma no nyinaa kotokoto h…î, twa konka a w…în mu biara kuta …õbo…î kumaa bi w…î ne nsam.","In this game, the players all bend to form a circle whiles holding a small stone in their hand","In this game, all the children squat down, each holding a small stone in their hands.",0.67529296875
"Mmaranimfo…î mmienu a …îde w…în asi Effah Dartey a …îw…î n‚Äôahomegye…õ mu a wagyina China fo…î no anan mu adi ama w…în b…õy…õ mfe…õ nnum nie no ne, Miracle Attachey ne Hope Agboado.","The two lawyers he has appointed to replace the retired Effah Dartey who has represented the Chinese adviser for about five years are, Miracle Attachey and Hope Agboado.",Two young people that he has stood behind Effah Dartey who is in his retirement and who has stood in for the Chinese people's fourth position for five years now are Miracle Attachey and Hope Agboado.,0.673828125
"∆êwo a, na afei w…îkeka abom ama …õmu ay…õ duru na w…îde atware w…în asenem.","If it dries, which is then they bring it together to make it heavy and rap around their waist.","If it exists, then they have now combined it to make it heavier and used it to judge their case.",0.205078125
"SŒµ wei toa so w·¥ê nnaw·¥êtwe bi mu a, Œµtumi ha adwene no dwumadie.","If this continues for a week, it can affect the brain functions.","If this continues for a few weeks, it could affect the mind's functioning.",0.85791015625
Nnnipa bebree bu p…õ…õ s…õ …õy…õ aduaba a …õsom bo pa ara …õsiane s…õ aho…îden bebree ahy…õ no ma.,Many people consider it to be a very valuable fruit because it is full of energy.,Many people consider it a very valuable fruit because it is filled with many nutrients.,0.91943359375
∆Ükwan fofor…î a obi b…õtumi afa so anya yade…õ yi bi ne s…õ …îde biribi a ano y…õ nam a atwa obi a …îw…î saa yade…õ yi mu bi p…õn adi dwuma ama no atwa …îno nso.,Another way a person can get the disease is by using a sharp object that has already cut someone with the disease of which he or she is also cut with it.,Another way someone can get some of this disease is by using something sharp like a blade that has been used on someone who has some of this disease to work on them so that it cuts them too.,0.92431640625
"Dwene nne…õma papa a asi w…î w'abrab…î mu no ho pii, na ma w'ani ngye.","Think a lot about the good things that have happened in your life, and be happy.","Think a lot about the good things that have happened in your life, and be grateful/rejoice.",0.94921875
Mmom mm…îfra a …õdi akyire no awo…î mu na s…îretia no b…õba.Wosusu s…õ de…õn ntira?,but the birth of the other children will be affected. While do you think so?,The younger children will come to challenge in the birth. What do you think is the reason?,0.60595703125
"S‘ë w·¥êde pane‘ë ne nne‘ëma a w·¥êde y‘ë no y‘ë obiara de‘ë anaa s‘ë w·¥êde y‘ë obi ho adwuma na w·¥êsane de di onipa fofor·¥ê ho dwuma na s‘ë ‘ëy‘ë ade‘ë a w·¥êampepa anaa w·¥êansiesie no yie a, ‘ëde ·¥êmanfo·¥ê to asane mu.","If panes and products are used for anyone else or if they are used for someone else and if they are not cleaned or cleaned properly, they put the public in danger.","If tools and materials that are everyone's or that are used for someone's work are taken and used for another person's purpose, and if they are not properly cleaned or well maintained, it puts the public at risk.",0.771484375
Nnuaba a w…îap…îre ne ho agu de ay‘ë nnuane fofor…î (nh. Esam paanoo),Peeled fruits for other foods (e.g. bread),Fermented fruits used to make new foods (e.g. sourdough bread),0.56005859375
"Ahemfo nan a w…îde w…în nkwa twaa so no ne, ∆êdwesohene Nana Adu Kupe, Adwumakaase-K…õse hene Nana As…õnso Kofo, Mamp…înhene Nana Boahen Anantuo ne Nana Tweneboa Kodua.","The four kings who lost their lives were, the King of the Highlands, Nana Adu Kupe, the King of the Great Works, Nana Asenso Kofo, the King of the Kings, Nana Boahen Anantuo and the King of Tweneboa Kodua.","The chiefs who sacrificed their lives were, Edwesohene Nana Adu Kupe, Adwumakaase-Kese hene Nana As…õnso Kofo, Mamp…înhene Nana Boahen Anantuo and Nana Tweneboa Kodua.",0.7314453125
"Angel TVfo…î amm…î sukuu yi din nanso w…îkyer…õ mu a, asuafo…î no mu binom t…î…î baha ber…õ a w…îkaa akyiri simma aduasa a wamma w…îanwura …õdan no mu ank…îtwer…õ w…în ns…îhw…õ no.","Although the Angel TV station did not mention the school's name in the news but, some students fainted when they were thirty minutes late and were denied access to the exams hall.","Angel TV did not mention the name of the school but when explained, some of the students bought cane when they were told about the thirty minutes delay that prevented them from entering the classroom to write their exams.",0.728515625
"∆êgye y…õn ber…õ, y…õhwere akwannya pii …õnam yade…õ bi nti na esiane nso s…õe sika.","We loose time and a lot of opportunities due to sickness, and we lose a lot of money as well.","It takes our time, we miss many opportunities because of a certain illness and it also destroys money.",0.6708984375
∆Ükwan a y…õb…õtumi afa so asi akomayade…õ ano.,Ways to prevent heart disease.,A path we can take to address mental health issues.,0.2467041015625
‚ÜÉkyer…õ…õ s…õ …õw…î s…õ aban ani ku w…în a w…îma y…õn saa nne…õma yi akuo no ho na …îde sika hy…õ mu na …îde nhy…õ to nne…õma bi te s…õ wei a y…õkra firi aburokyire no so.,"He explained that, restriction of importation of some of these products, side-by-side with increased local production, is a realistic proposition that we need to begin to consider",It showed that the government must focus on those who provide us with these group of items and invest money in it and not impose taxes on some items like the ones we import from abroad.,0.5009765625
Poleeno a ‚ÜÑtwa sini w‚ÜÑ Kumase na wagye din no de too dwa nnora Yawoada s…õ Baba Spirit a ‚ÜÑyi ns…õnkwaa ma nnipa sere nya ahomeka no agyae ne nkwa mu.,"Poleeno, who is a popular actor in Kumasi announced it on yesterday which is Thursday that Baba Spirit the comedian who was sick is dead.","A comedian who cut a video in Kumasi and became famous put it out for sale yesterday, Thursday, saying that Baba Spirit, who makes jokes to help people laugh and find relief, has quit his life/career.",0.7021484375
W…îtumi gya w…în tirinwi gu so kuhaa a w…înni no ni.,They don't care leaving their hair bushy and messy without trimming or washing it.,They can leave their hair uncut if they do not eat it.,0.50537109375
"Mpanimfo…î se, ""Aboa biara didi k…î baabi a n'asom b…õdwo no.""Saa ara nso na nnomaa a w…în ntakra kor…î na w…îtu b…î mu.","The elders says, ""every animal eat towards where it would have comfort."" As well as birds with the same feathers fly together","The elders say, ""Every animal eats and goes where it will find peace."" In the same way, birds of the same feathers flock together.",0.7646484375
"Obiara ani ku n'ap…îmuden ho yie, ne saa nti nkyer…õkyer…õ ahodo…î pii na nnipa binom da no adi fa ap…îmuden ho.","Everyone is very concerned about their health, and therefore there are many different teachings about health.","Everyone is interested in fitness, and that is why there are many different exercises that some people do regarding fitness.",0.463134765625
"Afei nso, w…îsan kyer…õ s…õ, w…în a w…îdi nanso w…întaa nni no daa no nso b…õtumi anya ahobamm…î kakra afiri ketewa bi a w…îdi no mu.","Furthermore, it is also suggested that those who eat it rarely but regularly may also have some protection from a small amount.","Now again, they also indicate that those who eat but do not eat it regularly can also get some protection from the small amount they consume.",0.91943359375
"Megye di s…õ, kakra a y…õabob…î so yi ara ama woahunu s…õ, …õny…õ papa s…õ y…õb…õnya adwene s…õ akuafo…î di hia, w…în ho nte, anaas…õ kuay…î y…õ adwuma a animuonyam biara nni mu.","I believe that the foregoing has shown you that it is wrong to think that farmers are poor, unclean, or that farming is a dishonorable occupation.","I hope that the little progress we have made here has helped you see that it is not good to have the notion that farmers are poor, they are not clean, or that farming is a job that has no dignity/respect.",0.6953125
∆Ühy…õ…õ ne sinitwa ase w…î afe 2004 mu.,He started his filming career in 2004.,He/She started his/her career in the year 2004.,0.6083984375
vi.Obi ahy…õda agyae ne ho ato nsuo mu awu.,vi. Someone drowning himself to death.,Someone has broken their promise and thrown themselves into the water to die.,0.5693359375
"Bio, nipa no ani so taa kyin no kakra, na ne honam nso taa y…õ ne mmer…õ.","Furthermore, the person's eyesight is sometimes slightly blurred, and his body is often weak.","Over time, the person's eyes tend to wander a little, and their body also tends to show their age.",0.51953125
"Íú™nam sŒµ na w…îsusua nti, awofo…î nketewa yi sii w…în adwene pi de w…în ba Oprah k…îtenaa ne Nana Hattie Mae Lee nkyŒµn mfeŒµ nsia.","Because they were young, these young parents decided to place their daughter Oprah with her Grandmother Hattie Mae Lee for six years.","Because of poverty and instability, these young parents made the difficult decision to let their daughter Oprah stay with her grandmother Hattie Mae Lee for six years.",0.888671875
"Œïba no saa a, Œµha nnipa no dwumadie ahodo·¥ê, Œµfiri sŒµ n‚Äôadwene da so ara w·¥ê asŒµm dada no so.","When this happens, it affects the activities of the person, because his mind is still on the old story.","When it comes to that, it disrupts the people's various activities, because his mind is always focused on the old matter.",0.60546875
"S…õ y…õhw…õ …îman yi ho nnwom bi te s…õ ‚ÄúDwene ‚ÜÉman yi ho, Ghana Akuafo…î, Osee Yiee Ghana, ne Aniha mu nni biribi s…õ ohia‚Äù a, nhwehw…õmu kyer…õ s…õ mmabunu dwontokuo a …õw…î Bomaa a Yaw Owusu Badu a wanya ne baabi kor…î na na …îda ano no na w…îsaee saa nnwom yi toe…õ.","Looking at some of the country‚Äôs songs like ‚ÄúThink ‚ÜÉthis country, Ghanaian Farmers, Osee Yiee Ghana, and Aniha me have nothing but poverty‚Äù, research shows that the youth choir in Bomaa a Yaw Owusu Badu who has found his place and and at the mouth of the grave these songs were sung.","If we look at some patriotic songs like ""Think About This Nation, Ghana Farmers, Osee Yie Ghana, and There is Nothing in Poverty"", research shows that a female group in Bomaa led by Yaw Owusu Badu, who had no fixed abode and was homeless, changed the lyrics of these songs.",0.76123046875
"Y…õde amany…îs…õm to nky…õn a, …õs…õ s…õ y…õkae s…õ, …õy…õ Ghanani biara as…õde…õ s…õ …îde nokor…õdie ne …îmamp…õ honhom b…õpere …îman no nk…îso…î.","Absolutely! Regardless of political affiliations, every Ghanaian should prioritize the development and progress of the country.","When it comes to politics, it must be noted that it is every Ghanaian's responsibility to contribute with honesty and a patriotic spirit towards the development of the nation.",0.73681640625
Mogyaboroso…î a …õdi kan ne de…õ …õt…î so mmienu.,Primary and secondary hypertension.,The first blood vessel and the second one.,0.39501953125
"Afe 1929 mu no, …îk…î…î Akyim…îta K…îlegyi k…îtoaa n'adesua no so w…î h…î na …õw…î h…î na w…îmaa no akwannya s…õ …îb…õtumi ak…îsua ade…õ w…î Peter's K…îlegyi a …õw…î Oxford w…î ber…õ a …întua adesua ho ka biara.","In 1929, he went to Achimota Secondary School  to continue his studies there and was offered a tuition-free scholarship to Peter's College, Oxford.","In 1929, he went to Achimota College to continue his education there and it was there that he was given the opportunity to study at Peter's College in Oxford without paying any tuition fees.",0.9228515625
"Saa nhwehw…õmu yi b…õdaa adi s…õ, w…în a w…îtumi gye ber…õ b…õy…õ s…õ simma du rek…î soro ne afofor…î kasa no boa ma w…în adwene dwumadie no k…î so.","This research proved that, people who spend 10 minutes and above talking to others are likely to increase the functions of their brains.",This study will reveal that those who can take time to be like ten minutes going up and others speaking the language helps their mental work to progress.,0.58203125
Dodo…î no ara susu s…õ anigye…õ nni …îman yi mu.,Most think there is no happiness in this country.,Most of them think there is no happiness in this country.,0.8544921875
"Tete no, na aduane baako a y…õn nananom taa di pa ara ne mmire.","In ancient times, one of the most common foods our ancestors ate was millet.","In the old days, one food that our ancestors really enjoyed eating was cocoyam.",0.453369140625
"Ne saa nti womp…õ s…õ yade…õ b…õgye w'anigye…õ afiri wo ns…õm a, ma w'ap…îmuden ho nhia wo.","For this reason, if you don't want to lose your happiness to sickness, then better be concerned about your health.","That is why you don't want illness to take away your joy from you, take care of your health.",0.7724609375
"Nnipa binom w·¥ê h·¥ê a ne honam no mp‘ë s‘ë w·¥êde saa amaman a w·¥êde s·¥ê aninnt·¥ênnwi ntoaso·¥ê no ka no, ‘ësiane nnuro binom te s‘ë formaldehyde a w·¥êde y‘ë no nti.",Most people are allergic to the glue used for holding artificial eyelashes due to the presence of formaldehyde in them.,"There are some people whose skin does not like to be associated with such fabrics used to prevent wrinkles, due to some chemicals like formaldehyde that are used to make them.",0.476806640625
"Yei nti, …õka aman ahodo…î a asasewoso…î taa sisi w…î so pa ara no ho.","For this reason, it is one of the most earthquake-prone countries.","Therefore, it is related to various countries where earthquakes frequently occur.",0.6953125
"Nhwehw‘ëmu kyer‘ë s‘ë mmer‘ë bi a atwan w·¥ê afe 2015 mu no, na an‘ë‘ësefo·¥ê a w·¥êgye awo·¥ê de w·¥ên mobaa foonu mu nkanea anaa t·¥ê·¥êkye na ‘ëgye awo·¥ê w·¥ê Kaneshie Nkran.","research has shown that in the year 2015, midwives were using their mobile phones torch light to assist in the delivery of new child at Kaneshie in Accra.","Research shows that during some periods in 2015, birth attendants who received deliveries used their mobile phone lights or torches to assist with deliveries at Kaneshie, Accra.",0.86865234375
"W…îde nkanea a …õnya n‚Äôaho…îden firi owia mu, afidie a …õboa ma nkanea y…õ adwuma ber…õ a w…îadum nkanea, nsuo ne nne…õma pii asisie …õdan yi mu yie s…õde…õ …õb…õy…õ a …õb…õboa ama at…õmmuo papa ak…î so.","The building is well equipped with solar lights, off-the-shelf appliances, water and many other facilities to promote good judgment.","Solar-powered lights, a machine that helps lights work when the lights are turned off, water and many other things have been well arranged in this building so that it will help good judgment to continue.",0.76025390625
"Y‘ëw·¥ê de‘ë ‘ët·¥ê anan no ankasa ho, y‘ëw·¥ê de‘ë ‘ët·¥ê yafunu no ns‘ëmu mune de‘ë ‘ët·¥ê nsono no mu.","We have the fourth itself, we have the stomach mune and the stomach.","We have what pertains to the fourth one itself, we have what pertains to the stomach whose matters are deeper than what pertains to the intestines.",0.763671875
"Afei, …îbaapanin bi a …îfiri …îbarima no abusua mu gye ab…îfra no to ne ser…õ so de ntomaa fitaa (funumatoma) kyekyere ab…îfra no ho.  ∆êha na ab…îfra no sewaa anaa ne papa nuabaa de edin a papa no p…õ s…õ …îde to ne ba no b…õto dwa.","also, an old woman from the family of the father recived the child and cover the child with white cloth and the aunty of the child will mention the name that the father wants to give it to the child.","Then, an elderly woman from the man's family receives the baby on her lap and wraps the baby with white cloth (calico). It is at this point that the baby is named, or the father's sister announces the name that the father wants to give to his child.",0.7236328125
"∆êb…õy…õ yie a, ka nnwuma a worey…õ no ho ns…õm kyer…õ obi a …îb…õn wo, na sr…õ no s…õ …înhw…õ mma wo s…õ de…õ …õs…õ s…õ woy…õ ara na worey…õ no anaa?","If possible, tell someone close to you about the activities you are doing, and ask them to make sure that you are doing what you should be doing.","If possible, tell someone close to you about the work you are doing, and ask them to check for you whether you are doing what you are supposed to be doing, okay?",0.69482421875
"Saa mansini yi mu no, nnipa (47.0%) na w…îdi ohia buruburoo.","in this district, 47.0% of the total population live in extreme poverty.","In this machine, 47.0% of people live in extreme poverty.",0.74072265625
"Di nnuane pa; S…õde…õ nipadua no hia nnuane a aho…îdennuro w…î mu ansa na atumi ay…õ adwuma yie no, saa ara na adwene no nso hia nnuane a aho…îden w…î mu.","Eat good food; Just as the body needs nutritious foods to function properly, so the mind needs nutritious foods.","Eat well; Just as the body needs nutritious food in order to function properly, so too does the mind need nourishing food.",0.9580078125
"∆êno nti, Nkrumah firi akwantuom baa Abibirem no, …îk…îb…î…î ne ho adwaa w…î Guinea a wantumi amma Ghana bio k…îpem s…õ kokoram kum no w…î Bucharest w…î 1972 mu.","As a result, when Nkrumah returned from his trip to Africa, he settled in Guinea and was unable to return to Ghana until he died of cancer in Bucharest.","So, Nkrumah returned to Africa from his travels, he took refuge in Guinea as he could not return to Ghana again because an assassination attempt was made on him in Bucharest in 1972.",0.783203125
"Nsonsonoe…õ a …õda abusua din ne edin ahodo…î a aka no nyinaa mu ne s…õ, abusua din nko ara ne edin a w…îhy…õda de ma ab…îfra bi.","The difference between a family name and all the other names is that, family name is the only name specifically given to a child.",The difference between a family name and all the other types of names mentioned is that a family name alone is the name that is given to a child at birth.,0.958984375
"Yei nti, w…îreb…î mmarahy…õbadwafo…î yi aba so s…õ w…îatumi de akoko…îduro ay…õ biribi a …õte saa.",The public applauded the Parliamentarians for their courage and boldness in taking necessary steps to address the financial challenges facing the country.,"Therefore, these legislators are being challenged to be able to use courage to do something like that.",0.51904296875
"De…õ adesua yi aboa y…õn ama y…õab…õhunu nyinaa ne s…õ, awia nna ny…õ ber…õ s…õe…õ anaa biribi a …õny…õ s…õde…õ nnipa binom susu no.",All that this study has helped us to notice is that daytime sleep is not a waste of time or something that some people think it is.,"What this study has helped us to discover is that, sunny days are not always what some people think they are.",0.513671875
"Saa mmoawa yi tumi ba mmaa ne mmarima nyinaa mu, na ‘ëtumi de nyarewa binom te s‘ë ·¥êbaa agyapade‘ë ano kokoram, ·¥êbaa agyapade‘ë no mu ankasa kokoram, ·¥êbarima barima mu kokoram, agyanan kwan mu kokoram, k·¥êk·¥êbo ho kokoram ne menem kokoram br‘ë nnipa.","These bacteria can occur in both men and women, and can cause certain diseases such as cervical cancer, cervical cancer, penile cancer, rectal cancer, laryngeal cancer and oral cancer.","These insects can affect both women and men, and can cause certain diseases such as vaginal itching, itching inside the vagina itself, penile itching, itching in the anal area, itching around the buttocks and itching in the throat to people.",0.52734375
"Y…õka s…õ Resose mogya mu nhwehw…õmu a, na y…õrep…õ akyer…õ s…õn koraa?","When we say rhesus blood test, what do we mean?","When we say we are doing blood research, what exactly are we trying to show?",0.5634765625
"∆êny…õ de…õ y…õabob…î so yi nko ara na …õy…õ adwenemuhaw ho ns…õnkyer…õnne…õ, pii ka ho.",What we have discussed are not the only signs of mental illness but there are other ones as well.,"It is not only what we have accumulated that is a sign of mental health issues, many more are added to it.",0.6669921875
"D…îmkuo K…õse…õ no redwene ho mpo dada s…õ w…îb…õtwe Mmarahy…õbadwam Kasamafo, Alban Bagbin de no ak…îpue as…õnnibea k…õse…õ no anim w…î Dome Kwabenya mmarahy…õbadwani no as…õnnie no ho.","The Grand Jury is already even considering dragging the Speaker of Parliament, Alban Bagbin to appear before the high court over the trial of Dome Kwabenya senator","The Grand Coalition has long been contemplating dragging Parliament's Speaker, Alban Bagbin, before the high court regarding the Dome Kwabenya parliamentary seat case.",0.74267578125
Ebinom nso tumi te nka s…õ w…în akoma b…î nt…õnt…õm so.,Others may feel their heart beating faster.,Some others may also feel like their hearts are beating too fast.,0.7841796875
"S…õ w…îdua mako na …õhy…õ ase…õ bere a, ne nyinaa mmere mmom, nanso bere pa mu no de…õ …õtwa to…î koraa no nso bere.","Peppers on the same plant ripen at various times; however, in time, even the last pepper on the plant will be ripe.","When pepper is planted and it starts to grow, not all of them bear fruit at the same time, but in due season the one that eventually yields is also fruitful.",0.71142578125
"‘êsiane saa nnepa a ‘ëw·¥ê mu no nti, ‘ëb·¥ê adwene no ho ban firi adwene mu nyarewa ho, na ‘ësane boa ma mframa pa nso k·¥ê adwene no mu.","Due its health benefits, it protects the brain from some mental infections and also help the brain to receive enough oxygen.","Because of these elements present in it, it protects the mind from mental illness, and also allows good air to enter the mind.",0.78662109375
Y…õgu so ara rehw…õ mogya mu nhwehw…õmu ahodo…î a …õs…õ s…õ …îbaa ne …îbarima bi y…õ ansa na w…îatu awade…õ ho anamm…în.,We are still on the different blood test in which every boy or girl should perform before planning to get married.,We are still looking at the various blood tests that a woman and a man should do before they take steps towards marriage.,0.810546875
"∆êba no saa a, …õmma akoma no mm…î nt…õnt…õm so nky…õn s…õde…õ …õs…õ s…õ …õb…î no, …õte aho…îden a akoma no de b…î mogya no so, na …õkyikyi nsuo ahodo…î bi nso a ne nyinaa ka b…î mu ma akoma no aho…îden.","In that case, it prevents the heart from beating rapidly under pressure beyond normal, and it makes the heart pump blood under low energy. It also releases some liquid in the body that are good for a healthy heart.","When this happens, it prevents the heart from beating as fast as it should, it reduces the force with which the heart pumps blood, and it also blocks certain fluids, all of which combine to reduce the strength of the heart.",0.7587890625
"∆êgyina h…î ma sika, …îdehye…õ, p…õy…õ ne tumi.","Its stands for money, loyalty, equality and power.","It stands for wealth, royalty, beauty and power.",0.7392578125
"‘ênam ahodo·¥ê mmienu na ‘ëkata saa akwan yi ani, a w·¥ên din ne Squamous ne Glandular nam.","There are two types of tissue covering the surface of these channels, namely Squamous and Glandular tissue.","There are two types of flesh that cover these passages, whose names are Squamous and Glandular flesh.",0.7431640625
"S…õ y…õhw…õ ber…õ a Tuchel baa kuo yi mu w‚ÜÑ ‚ÜÉp…õp‚ÜÑn, 26, 2021 mu no a ‚ÜÑne kuo yi ak‚ÜÑ akansie bebree.","Looking at when Tuchel came to the team in January 26, 2021, he has led the team to several league.","Since Tuchel joined the club on January 26, 2021, he has led the club to many trophies.",0.9248046875
"Nnipa binom taa de mako noa w…în nnuane s…õde…õ …õb…õy…õ a w…îb…õtumi ate aduane no d…õ nanso afofor…î de…õ, s…õ mako a …õw…î aduane no mu nn…î…îso a, w…întumi nni.",Some people tend to cook their food with mako so that they can taste the food but others cannot eat it if there is not enough mako in the food.,"Some people often add pepper to cook their food so that they will be able to enjoy the taste of the food, but for others, if there is too much pepper in the food, they cannot eat it.",0.436767578125
"Yei nti, …õmaa nnipa dodo…î no ara k…îdii Owura J.B.Danquah amany…îkuo no akyi 1951 mu no, w…îtoo aba maa Owura J.B.Danquah s…õ …înk…îka abor…îfo no mmarahy…õ badwa no ho nnyina Ghana anan mu, Nanso, 1954 ne 1956 mu no, w…îanto amma no bio.","As a result of that, a lot of people surported Mr. J.B. Danquah's political party. In 1951, Mr. J.B.Danquah was elected to the white parliament to represent Ghana. However, in 1954 and 1956, he was not elected again.","This is why, when many people supported Mr. J.B. Danquah's political party in 1951, they voted for Mr. J.B. Danquah to represent the British legislative council on behalf of Ghana. However, in 1954 and 1956, he was not voted for again.",0.90576171875
"Akanfo…î abrab…î, w…în nyamesom ne w…în amammer…õ ne amanne…õ nyinaa akyi no, ade…õ baako nso a na w…întoto no ase koraa ne agodie.","In Akan tradition, besides their way of worship, culture, and rituals, they also place great value on their games.","Behind all the Akan way of life, their religion, their customs and traditions, one thing that was also not left out at all was play/entertainment.",0.791015625
"∆êkyerŒµ sŒµ, sŒµdeŒµ na nhwehwŒµmu binom a Œµdii kan baeŒµ susuu sŒµ na nnuaa no tumi de saa mframa yi dodo sie w·¥ên mu no, ŒµnyŒµ saa na ŒµteŒµ seesei.","That is, as some earlier studies thought the trees were able to store large amounts of this gas internally, this is not the case now.","This means that, what some earlier studies estimated about how much of these gases the plants could store in them, is not the case now.",0.8046875
"‚ÜÉde afotuo ne adesr…õde…õ too Ghanafo…î nyinaa anim s…õ, anim anim yi ara, w…însesa ak…înn…î a …õmu y…õ den a w…îw…î de ma nne…õma a w…îkra firi aman afofor…î so…î no.",He advised and appealed to all Ghanaians to change their strong desire to import goods.,"He presented a challenge and a request to all Ghanaians that, as a matter of urgency, they should change the strong appetite/desire they have for goods imported from other countries.",0.84521484375
"Yei nti, s…õ y…õka ahonidie a, …õkyer…õ nney…õ…õ binom a y…õy…õ ma y…õn ho ne y…õn atenae…õ ho te s…õde…õ y…õde b…õb…î y…õn ho ban afiri nyarewa bebrebe ho.","For this reason, when we talk about cleanliness, it means certain practices we do for ourselves and our environment such that we protect ourselves from many diseases.","Therefore, when we talk about wealth, it refers to some actions we take for ourselves and our environment such as how we will protect ourselves from many diseases.",0.56982421875
W…îtumi hohoro ho we so saa ara anaas…õ w…îtumi nso de y…õ abomu anaa nkwan.,"They can be washed and eaten raw, or they can also be used to prepare food",It can be eaten on its own like that or it can also be used to make stew or soup.,0.609375
"W…îwoo sinitwani yi w…î ∆Üsanaa bosome, da a …õt…î so 28 w…î afe 1984 mu. ∆Üne ne hokani Prince Odianosen Okojie w…î mm…îfra nnan.","The film was born on the 28th of October, She and her partner Prince Odianosen Okojie have four children.",This actress was born on the 28th day of the month of August in the year 1984. She and her husband Prince Odianosen Okojie have four children.,0.93017578125
"Nna kakra bi ntam no, nsaa to trŒµ ba onipa no nsa ho, ne bo so, n‚Äôakyi, ne serŒµ ho, ne nan ho ne ne nan ase nyinaa.","Within a few days, rushes spread to the person‚Äôs arms, neck, back, chest, legs and feet.","After a few days, a rash appeared on the person's hands, chest, back, face, feet and the soles of their feet.",0.60205078125
Nana Kwadwo Agyemang Adinkra a na …îy…õ Gyaaman hene na …îy…õ…õ saa agyinahy…õde…õ yinom de …îno ankasa din too so.,"Nana Kwadwo Agyemang Adinkra, a Gyaaman chief, is credited with designing the symbols and labeling them with his name","Nana Kwadwo Agyemang Adinkra, who was the king of Gyaaman, created these symbols and named them after himself.",0.8779296875
"Kokoram a …õt…î k…îk…îbo, faako a agyanan k…îtaa no mu no nso de ayamtim ba.","Cancer of the colon, where solid waste collects, can also cause constipation.","A cough that turns into pneumonia, the place where the refugee settled also brings dysentery.",0.1849365234375
Mma wo wer…õ mfiri s…õ wob…õky…õ ama wo nuanom ne w'ay…înkofo…î ama w…îanya saa nimde…õ yi bi.,Don't forget to share for your brethren and friends to also have this knowledge.,Don't forget to share with your siblings and friends so they can also get some of this knowledge.,0.70361328125
Sei na ‚ÜÑkae…õ:‚ÄúY…õabara s…õ y…õde nnuane mane aman afofor‚ÜÑ a atwa y…õn ho ahyia no s…õde…õ …õb…õy…õ a y…õb…õtumi ayere aduane ahobamm‚ÜÑ mu yie.,"This is what he said: "" We are banning the exportation of food to countries surrounding us in order to tightened our food preservation.","So he said: ""We have agreed that we will share food with the neighboring countries around us so that we will be able to properly distribute food in times of shortage.",0.64453125
"Y…õtumi te nka s…õ adwuma no y…õ den dodo anaas…õ …õgye ber…õ dodo nti, y…õtumi b…î to h…î y…õ nnwuma afofor…î binom a y…õsusu s…õ …õno de…õ …õns…õe y…õn ber…õ anaas…õ y…õmmr…õ pii.","We may feel that the task is too difficult or time-consuming, so we may put them off, doing other activities that we think will save us time or effort.","We can decide to stop doing a task because it is too difficult or takes too much time, and instead do other tasks that we think will not waste our time or tire us out too much.",0.7666015625
Afei w…îtumi k…îy…õ nkaeb…î w…î radio ne dawub…îbea ahodo…î so de b…î w…în adwuma no ho dawuro.,"Also, they make announcements on the radio and other places to advertise their products.",Now they can go and advertise on radio and various platforms to promote their work.,0.59423828125
"W…îhunu s…õ s…õ obi y…õ saa a, de…õ …õka ne s…õ awer…õho…î ahy…õ onipa no so.","When someone is seen in this position, what it communicates is that the person is saddened.","They found that when someone behaves that way, it means that sadness has overwhelmed the person.",0.63818359375
"Akanfo…î gye di s…õ, …õsiane ns…õnkyer…õnne yi nti, ahonhom no ma w…în adwuma no k…î so ma w…înya dwa.",The Akans believe that the spirits help their work progress because of this gesture.,"The Akan people believe that, because of this symbol, the spirit helps their work to progress and brings them prosperity.",0.79296875
Nnyetomu nhyehy…õe…õ a Mia Motley ne Ghana aban y…õe…õ ber…õ a …îb…õsraa ‚ÜÉmampanin Akufo-Addo no maa w…înam so faa Ghana an…õ…õsefo…î b…õboro 100.,The agreement signed by Mia Motley and the Ghanaian government when Mia Motley visited President Akufo-Addo in 2019 allowed for the employment of over 100 Ghanaian nurses.,The partnership arrangement that Mia Motley and the Ghana government made when she visited President Akufo-Addo resulted in over 100 Ghanaian nurses being recruited.,0.865234375
"∆êduruu baabi no, s…õ na obi rek…îgye ntoma yi bi a, …õsiane s…õ na abor…îfo no to ma w…în nti, na y…õn nananom ka s…õ merek…îgye 'nto-ma' a …õkyer…õ s…õ, woreto biribi ama obi.","At some point, when someone was going to collect some of these clothes, since the whites were throwing them, our ancestors would say I am going to get 'nto-ma' which means, you are throwing something for someone","When they arrived at the place where someone was going to collect some of the cloth, because the Europeans had bought it for them, our elders said that when I say I'm going to collect 'nto-ma' it means that something is being bought for someone.",0.80859375
"‘êny‘ë wei ne de‘ë ‘ëdi kan a Dumgya Adwumakuo no reb·¥ê y‘ën k·¥êk·¥ê w·¥ê wei ho, nanso y‘ëabu nnua agu y‘ën asom w·¥ê ho.","this is not the first time that the fire service unit is giving us education about this, but people have decided not to listen.","This is not the first time the Fire Service is warning us about this, but we have turned deaf ears to it.",0.75244140625
∆Üd…î a y…õw…î ma mm…îfra na y…õsane dwene w…în daakye ho nti na ne bo…î da fam saa no s…õde…õ obiara b…õtumi ab…õhw…õ bi.,"Out of love for children and concern for their future, the price is so low that everyone can attend.",The love we have for children and our concern for their future is why its value is kept so low so that anyone can access some.,0.47314453125
Ber…õ nhyehy…õe…õ y…õ biribi a anka …õs…õ s…õ nnipa nyinaa tumi sua pa ara.,Time management is something that everyone should be able to learn very well.,Time management is something that everyone should be able to learn very well.,1.0009765625
"Bamm‚ÜÑfo‚ÜÑ a na w‚ÜÑw‚ÜÑ h‚ÜÑ yeree w‚ÜÑn bamm‚ÜÑ mu yie s…õ w‚ÜÑmma nnipa nwira beae…õ h‚ÜÑ pii, nanso ank‚ÜÑsi aga.",Although the security service did all their best not to let in many people but it was fruitless.,"The hunters who were there tried their best to prevent people from entering that place frequently, but it was not enough.",0.475830078125
Nkyenedie bebree nso tumi k…îfa ba.,Too much salt intake can cause it.,Many ingredients can also be used.,0.10296630859375
"NhwehwŒµmu kyerŒµ sŒµ, afe 2019 mu no, na nnipa  ·¥êpepe 301 na na w·¥êw·¥ê ateetee ho adwene mu haw a na Œµmu ·¥êpepe 58 yŒµ mm·¥êfra nketewa ne mm·¥êfra a w·¥ên ani rema so·¥ê.","Research shows that in 2019, there were 301 million people with suffering mental health problems, of which 58 million were children and adolescents.","Research shows that, in the year 2019, approximately 301 million people were living with anxiety disorders, of which approximately 58 million were young children and adolescents.",0.7197265625
"Saa da no, na meresa nsuo na …îfr…õ…õ me s…õ menk…îfa biribi mma me nanabaa. Meduruu h…î no, megyinaa …õkwan no ano, …õnna …îkaa s…õ menwura …õdan no mu nanso mampene.","On that faithful day, I was fetching water and he called me to pick something for my grandmother. When I got there, I stopped at the gate, he asked me in but I refused.","That day, I was fetching water and she called me to go and get something for my grandmother. When I arrived there, I stood at the entrance of the road, and she said I should enter the room but I refused.",0.5810546875
"Ne saa nti, s…õ wonni aho…îden a wode b…õd…î nsase adua nn…îbae…õ a, wob…õtumi ahwehw…õ ny…õmmoa a y…õaka w…în ho ns…õm yinom bi na wode afiri w'adwuma ase.","Therefore, if you do not have the strength to cultivate crops, you can look for some of these animals to start your business.","Therefore, if you do not have the strength to pull out bean weeds, you can look for some of the animals we have mentioned and use them to start your work.",0.6591796875
"S‘ë woreyi aninnt·¥ên nwi ntoaso·¥ê no a, ‘ëtumi tete anaa bubu w‚Äôankasa wode‘ë no so, ‘ëtumi s‘ëe de‘ë ‘ëma enwi fifiri w·¥ê aniwa no ase no.","This is because when taking off this artificial eyelashes from your eyes, it cause breakages in your natural eyelashes and can even destroy the tissue that cause hair to grow beneath your eyes.","If you are pulling out ingrown hairs, it can tear or break the skin itself, it can damage what causes the hair to grow under the eye area.",0.6708984375
Mmire boa nipadua no pa ara ma …õtumi y…õ adwuma yie.,Exercise helps the body to function properly.,Rest helps the body well so that it can function properly.,0.62255859375
"∆êno nti na s…õ Anlogahene redi afahy…õ a, …îtumi to nsa fr…õ Asantehene no.",That is the reason why if Anlo are celebrating their festival they can invite the Ashanti king,"That is why when the Anlogahene is celebrating a festival, he can invite the Asantehene.",0.572265625
Mmaayewa a w…înk…î sukuu koraa anaa w…înk…î nnuru akyiri y…õ ade…õ baako a …õde mperewanyins…õn ba pa ara.,Girls who do not attend school at or do not further their education are one of the main causes of teen pregnancy.,Girls who never went to school at all or who dropped out early is one thing that brings poverty very badly.,0.67236328125
"∆êny…õ obi na wab…î ne hokani tuo a, na …õy…õ obi na …îde sekan adi ne yere anaa ne kunu awu.","If it is not someone who has shot his/her partner, then it is someone who has stub his wife or her husband to death.","It is not someone who has shot their neighbor with a gun, but someone who has stabbed their wife or husband to death with a knife.",0.7236328125
"Mfuturo binom a Œµfiri mfididwumabea bi nnwuma mu ba no kita nnuro bi a ano yŒµ den a carcinogen w·¥ê mu, na ŒµbŒµtumi ama onipa bi anya honam ani kisikuro a ano yŒµ den.","some dust that comes from some industries contains some harmful chemicals such as carcinogen, and it can make someone contract skin sore which is very dangerous.","Some byproducts that come from the work of certain chemical industries contain some strong substances that have carcinogens in them, and they can cause a person to get a serious skin cancer.",0.60009765625
"Nhwhw…õmu kyer…õ s…õ saa aduro yin a …õtaa akomayade…õ, mogyaboroso…î, akomayade…õ, sawa/saa mu yare…õ akyiri no, nanso w…înya ny…õ…õ nhwehw…õmu biara a …õb…õdi ho adanse…õ.","Research suggests that this yin drug often causes heart attack, high blood pressure, heart attack, sawa/health disease later, but no studies have been done to prove it.","Research shows that these drugs are often used for depression, hypertension, heart disease, and diabetes/such conditions, however no studies have been found to provide evidence of this.",0.53662109375
"Ebia anka nne…õma a w…îrese no s…õ …îrentumi ny…õ no nyinaa no y…õ de…õ …îb…õtumi ay…õ ama no aboro so mpo, nanso …õsiane s…õ ak…îba no sei na n'adwene agye atom nti no, daa …îhunu ne ho s…õ biribiara nni h…î a …îb…õtumi ay…õ.","Perhaps all the things he is being told he cannot do would have been even more than he could have done for him, but because it has come to him this way and his mind has accepted it, he always finds himself with nothing he can do.","Perhaps all the things they told him he couldn't do were actually things he could surpass, but because the child had come to believe it, he always found himself feeling like there was nothing he could do.",0.72314453125
"De…õ nti a …õte saa ne s…õ, ahokyer…õ a …õw…î amansini binom te s…õ Suaman mu no y…õ (6.0%), Wassa Amenfi At…îe…õ de…õ y…õ (6.9%), …õnna Aowin nso kura …õmu (8.9%) p…õ.","the reason is that, the poverty rate in some district like the Suaman district is just 6.0%, Wassa Amenfi West has 6.9%, and Aowin also has 8.9%.","The reason why it is so is that, the poverty rate in some districts like Suaman is (6.0%), Wassa Amenfi West is (6.9%), and Aowin also holds (8.9%) only.",0.9697265625
YŒµatwa nnua akŒµseŒµ nyinaa ama akwaeŒµ adane mfofoo ne asase pŒµsŒµŒµ,"Because of deforestation, our forest has become desert and wilderness.",We have cut down all the big trees and the forest has become sparse and bare ground,0.7021484375
"Mmom, …õhy…õ ase…õ firi Otumfo…î ∆Üs…õe Tutu I so …õfiri s…õ, ne p…õn so na ∆Ük…îmfo An…îkye yii Sika dwa Kofi maa Asanteman.","It started from Otumfo Osei Tutu 1 , because it was during his era that Okomfo Anokye Commanded the Golden stool","Well, it began from Otumfuo Osee Tutu I because it was during his reign that Okomfo Anokye brought out the Golden Stool for the Ashanti nation.",0.87890625
Onipa no br‘ë w·¥ê adidie ne ·¥ênom ho.,The person is tired of eating and drinking.,The person is tired of food and drink.,0.974609375
"Bio nso, na mmaayewa ne mmerante…õ nyinaa hw…õ w…în ho so yie na ama w…îatumi akwati animguase…õ a …õte saa …õno nti, tete no, na mperewanyins…õn nn…î…îso s…õ …õnn…õ.","Furthermore, due to the responsible behavior and self-care practices among the young ladies and gentlemen in the towns or villages, the incidence of teenage pregnancy was significantly lower compared to the present times.","However, young women and young men all took good care of themselves and were able to avoid such embarrassment, which is why, in the old days, teenage pregnancy was not as common as it is today.",0.72265625
"Akanfo…î amammer…õ mu no, afade…õ ne ahosiesie y…õ biribi a w…întoto no ase koraa. wohw…õ mu a, w…în ahosiesie ka nne…õma ahodo…î a …õma w…îda nso firi kasakuo afofor…î ho no ho.","In Akan culture, festivals and dress are not underestimated. you see, their dress is among the various factors that also distinguish them from other dialects.","In Akan culture, clothing and decoration are something that is taken very seriously. Looking at it, their decoration includes various items that also distinguish them from other ethnic groups.",0.8642578125
B…î mm…îden na taa tenetene w'apom.,Try to exercise regularly.,Work hard and always stretch your limits.,0.466796875
"∆êsiane s…õ na Bafo Pem suro s…õ Abonofo…î yi b…õtumi ayi no ama nti, …îmaa w…înomm abosom; …õne s…õ, w…îtwaa w…în mogya guu nsuom maa obiara nomm bi.","since Bafo Pem was afraid that the of Bono will be taken off the throne, he gave them gods, that is , they spilled their blood into water to be taken by all.","It was because Bafo Pem was afraid that these Abonofo could remove him, so he made them drink the gods; that is, they cut their blood into the water and made everyone drink some.",0.65576171875
"W…în akraboa ne anene (kwaakwaadabi), ne asona w…î.",Their totem is crow and wild boar.,"They have parrots and crows (ravens), and guinea fowls.",0.60546875
Ade…õ baako pa ara nti a nnipa y…õ mm…întoh…î ne osuro anaas…õ ehu.,One of the main reasons people are procrastinated is fear or dread.,The only reason people are cowards is fear or dread.,0.44580078125
