text,ref,translated
Ame kukua ∆íe ∆íomet…Ēwo ate Ňču atso nya me le afisi woa…Ėi wo∆íe l…Ēl…ĒŐÉt…Ēa le Ňču.,The deceased's relatives can decide where to bury their loved one.,They have grown and are now giving birth to children who are working in offices and taking their salaries home.
"Woade se …Ėe V8/V6 t…Ēdzi čuwo alo t…Ēdzi ču …Ėesia…Ėe si ∆íe gbe…Ėi…Ėi s…Ē kple esia hehe nu, negbe m…Ēz…Ēz…Ē yi k…Ē∆íenutowo me ko.","Towing of the V8/V6 vessels or any vessel of similar tone will be prohibited, except for trips to rural areas.","They said the V8/V6 vehicles or the vehicles with higher engine capacity which consume a lot of fuel should be parked, as fuel is becoming scarce."
EsesŠļĹna Ňčut…Ē be ame siwo ∆íoa wo …Ėokuiwo …Ėe te∆íe vovovowo la naw…Ē nu aduadu.,It's quite hard to mix with people of different cultural beriefs.,They said the man is in the habit of beating his wives every morning.
Edze be na xe adz…Ēga nenye be ne le asi tsam le anyigba s…Ēe a…Ėe dzi.,"You have the power to change the undesirable things around you, emphasizing personal agency and empowerment.",The boy and the girl are playing together on the sand at the riverside.
"Nu siwo woz√£na ts…Ē ∆íoa asa na asr√£d…Ē nye atikewo, mu …Ėa…Ėe nuwo …Ėa kple ale si womate Ňču a∆ío asa na nu…Ėu…Ėu o.","Methods used to prevent malaria include medications, mosquito elimination and the prevention of bites.","They were not allowed to walk on the main street and the big market, but they were going with the small paths that were between the houses to the big market and the small market."
"Ny…Ēnuvi dzetugbee w√≤nye, gake ate Ňču a∆ío nu kplii, gake mel…ĒŐÉ …Ėe edzi kura o, togb…Ē be …Ėevia vivina h√£ la, el√©a …Ėo…Ėo …Ėe edzi …£esia…£i, eye ta…Ėua megahea ta na dzila a…Ėeke v…õ o.","She is a beautiful girl, but she is just too much trouble. She can talk, she can argue, but she never agrees. Her brother however is a sweet boy. He is always calm, and never causes his parents any headaches.","The woman's womb is a bag, but when it holds a child, it is very painful, but when the child is born, everyone is happy, the child is also happy to be born, and the pain the woman felt is forgotten."
Dunyahela ate Ňču an…Ē dunyaheha …Ėesia…Ėe me faa.,A politician is free to belong to any political party.,"The world is like a forest, the world's affairs are difficult for me to understand."
poliswo le d…Ē w…Ēm kple b…Ēswo dzi kp…Ēlawo be yewoakp…Ē egb…Ē …£eyi…£i didi a…Ėe.,Police are working with bus managers to find a long term solution.,The police and the soldiers joined forces to arrest the thieves who were stealing the big yams.
Duk…Ēmevi akpa g√£t…Ē x…Ē edzi se be ate Ňču aw…Ēe eye w√≤aw…Ēe ge…Ėe wu.,Most of the citizens believe in him that he can do it and do it more.,"The elder of the village says that when you eat the fruit, you should also give some to your sibling."
Asitsalawo adz…Ē ga na b…Ēl∆ío∆íea tutu.,The business community will contribute funds for the construction of the stadium.,The crab put its hands in the pockets of its trousers.
Kpekpe a…Ėe n…Ē anyi ku …Ėe motsy…Ēnu si woama na sitso∆íedilaawo Ňču.,There was a meeting about the face mask distribution to the refugees.,The stone that is in the river does not know the pain of the stone in the fire.
"En…Ē …Ėevi si gb…Ē w√≤tso, eye w√≤n…Ē k…Ē∆íea me, le Ňčuve me kple ∆íu si te …Ėe ∆íu la Ňču.","He lived a carefree childhood, spent in the village, in the bush, and on the nearby sea.","If a child is crying and you give them a stick, they will stop crying and look for someone to hit with the stick."
Eyae nye agban…Ēamedzi be dzi…Ėu…Ėua nakp…Ē egb…Ē be atike v…ĒŐÉ…Ėiwo li le k…Ēdzi.,It's the government's responsibility to make sure there are drugs in hospitals.,The fool will not listen to or obey the wise words that will bring him good fortune.
"Kp…Ē nyuie, ts…Ē a čaw…Ēnu v…ĒŐÉ…Ėiwo kpe …Ėe fiafit…Ēwo Ňču.","Be careful, thieves carry dangerous weapons along with them.","There is gold, but the owners of the gold are at the king's place."
Mele be n√†∆ío nu le telefon dzi esime n√®le  ču kum o elabena wol√©e le esi w√≤ku  ču Ňčuma…Ė…Ē…Ėot…Ēe ta.,You should not talk on the phone while driving as He was arrested for driving recklessly.,My mother is on the phone and I will call her as soon as I finish the work that I am doing now.
"Alesi atiglinyia ∆íe ŇčutigbalŠļĹ s…Ēe nye be w√≤a…Ėe ny…Ēnuvi ∆íewuivi si le s…Ēh…õmen…Ē…£i ∆íe k…Ēnuwo me tom afia be, abe alesi l√£a sesŠļĹ ene la, nenemae w√≤le be w√≤asŠļĹ Ňču nenema ke le agbe me.","The relevance of the elephant skin is to show the teenage girl going through the puberty rites that, just as the meat is hard, that's how strong she should equally be in life.","When the community's elderly woman dies, it is said that she has gone to join her colleagues who are in the community of the elderly, but if she was a bad person, then truly she has gone to continue her wickedness in life."
"Esia fia k…Ēte be, Fiany…Ēnua ∆íe d…Ēe w√≤nye be w√≤atia amesi dze tso fia∆íomea me","This clearly signify, it is the role of the Queenmother to select the qualify candidate from the royal family","When the chief wants to install a king, the elders of the royal family will choose someone from the royal family."
"Ňäutifafa, …Ėo…Ėow…Ēw…Ē kple dedien…Ēn…Ē ∆íe gbedeasi ye sinimaa la n…Ē gbe∆í√£ …Ėem.","The film was preaching the word of peace, order and stability.","The youth, with the elderly and wise men's counsel, will bring progress to our land."
Ame ge…Ėewo x…Ē tso l√£meka fal…õfal…õa me le esi wokp…Ēe be l√£mesŠļĹnyawo le m√≠a∆íe l√£mesŠļĹnyawo Ňču,A good number of people have recovered from the coronavirus proving that we have a strong health sector,Some people take palm kernel oil from the market women and the market women's oil is in our homes
Nu…Ėu…Ėu deŇčg…Ēwo le abe amegbet…Ēwo ∆íe agbe me.,Beans contain a high food value for human life.,The Nu…Ėu…Ėu festival is celebrated in the month of the birth of the corn.
Ny…Ēnu a…Ėewo yia Ňčg…Ē wu …£leti asieke siwo wof…Ē fuf…Ēf…Ē …Ėo la domet…Ē a…Ėewo.,Some women go beyond or below the supposed nine months of their pregnancy.,Some women buy expensive jewelry that they wear to special occasions.
"E…Ėe sr…ĒŐÉ esime w√≤x…Ē ∆íe wuienyi eye eya h√£ n…Ē d…Ē w…Ēm le ketekedze∆íea, eye esi w√≤x…Ē ∆íe wuiasieke la, edzi ny…Ēnuvi.","He married at the age of eighteen also working at the railway station, at the age of nineteen he had a daughter.","When a woman's husband dies and she is still young and has not yet reached menopause, and she marries another man, it is called levirate marriage."
"Enye nunyala, eye w√≤tea Ňču w…Ēa nu …Ėe duk…Ē sia ∆íe kpl…Ēla Ňču.",She is a wise and capable leader for this country.,"He is a thief, he has stolen something in this town's harbor."
Ekpena …Ėe amegbet…Ē ∆íe susu ∆íe d…Ēw…Ēw…Ē nyuie Ňču,It helps in the efficiency of the human mind,Ekpena is good at solving the problems of the community
"Le ∆íe 2020 me la, wow…Ē numekuku le sukudede kple sukudede Ňču le Ghana afisia. When the investigation ended, some of the things that came to light are as follows.","In 2020, a survey of schooling and education was conducted here in Ghana. When the investigation ended, some of the things that came to light are as follows.","In the year 2020, they found numerous ghost schools and ghost teachers in Ghana's education service."
M√≠ate Ňču a∆ío nya ta tso esia me be ame …Ėesia…Ėe ∆íe …£eyi…£i si w√≤ts…Ēna kp…Ēa dzidzedze la le et…Ēx…õ.,We can infer from this that each person's time to success is unique.,They said the man's wife was in the house when the earthquake occurred and she was trapped under the rubble.
"Nyate∆íee, k…Ēnu kple akpa siawo kat√£ …Ėe Fiany…Ēnu Dada ∆íe vevienyenye kple vevienyenye fia le Akant…Ēwo ∆íe dek…Ēnuwo kple hadomegben…Ēn…Ē me. Šļľ, le Akant…Ēwo ∆íe hadomegben…Ēn…Ē me la, Fiany…Ēnu vidada ge…Ėewo …Ėu fia kpe …Ėe Fiawo Ňču.","Indeed, all these customs and roles signify the importance and relevance of the Queenmother in Akans' culture and society. Yes, in the Akan society, many Queenmothers have reigned alongside Kings.","In fact, all the kings and elders gave reverence and respect to Fiany…Ēnu the great and the revered king among the Akans and in their state. Yes, in the state of the Akans, the children of Fiany…Ēnu the great became kings over the people."
S…Ēh…õ siawo ∆íe g√£t…Ē le atike v…ĒŐÉ…Ėi zaz√£ me.,Majority of the youth are involved in drug abuse.,The elder of S…Ēh…õ Siawo is in the big forest.
"Az…Ē h√£, a…Ėu…Ė…Ē…Ė…Ē…Ė…Ē kple lŇ©h…õ kpena …Ėe ame Ňču w√≤…Ėea a…Ėi …Ėesia…Ėe …Ėa le Ňčutil√£a me.","Also, rubbing the gums with a razor helps to remove any toxins from the body.","Then, the elders and the singers gather around the person and they sing the song of the ancestors in the night."
"Ňäkeke k…Ēk…Ēe siawo dz…Ēna le Kwasi…Ėagbe, Dzo…Ėa, Bra…Ėa, Kuda, Fi…Ėa kple Memle…Ėagbe.","These sacred days occurs on Sunday, Monday, Tuesday, Wednesday, Friday and Saturday.","The days of the week are named after Kwasi, Dzo, Bra, Kuda, Fi, and Memle."
"Esi w√≤n…Ē nu ∆íom le Kwame Nkrumah Dz…Ēdz…ĒmeŇčutinunya kple M…ĒŐÉ…ĖaŇčununya Yuniv…õsiti (KNUST) le wo∆íe ∆íe 40 x…Ēx…Ē le nusiwo wogbugb…Ē z√£na me la, ekp…Ē be manyo ne wokp…Ē nuw…Ēna sia ∆íomevi eye woŇče a…Ėaba ∆íu wo dzi o, ne wokp…Ē nusiwo tsi tre …Ėe se Ňču.","When he was speaking in the Kwame Nkrumah University of Science and Technology (KNUST) during their 40th anniversary in recycling, he saw that it wouldn't be nice if they see this kind of practices and ignored them, when they see things against the law happening.","She holds a Bachelor of Science degree in Chemistry from the Kwame Nkrumah University of Science and Technology (KNUST) which she obtained at the age of 40 while still married with children, proving that one can still achieve their dreams no matter the circumstances of life."
"∆Ēebubu…£iwo h√£ ne wokp…Ē deti ∆íe aŇčgbawo le anyigba a…Ėe dzi la, efia be wole nya hem le anyigbaa Ňču.","Other times, too, when palm fronds are seen on a piece of land, it indicates litigation over the land.",The frogs were singing on one side of the forest and their voices were heard on the other side.
"Le nyate∆íe me la, esime esia n…Ē edzi yim la, amewo n…Ē anyi, siwo dome …Ėevia dada h√£ n…Ē, gake wo domet…Ē a…Ėeke mete Ňču …Ėo a…ĖaŇču na tagb…ĒsesŠļĹt…Ē la be w√≤adzudz…Ē …Ėevia ∆ío∆ío o.","In fact, while this was going on, there were people, including the child's mother, but none of them could advise the crazy man to stop beating the child.","In this world, it is said that when a person is born, they are given a name, and their destiny is also given, but what one does on this earth determines if their name will be praised or not."
Numekulawo …Ėee fia be tsinono …Ėea sukli ∆íe agb…Ēs…Ēs…Ē si le Ňčutil√£ me dzi kp…Ēt…Ēna eye w√≤kp…Ēa ame ta tso suklid…Ē me elabena nunyiamewo abe Vitamin kple bubuawo y…Ē tsi me fŇ©,Researchers have shown that drinking water reduces the amount of glucose in the body and protects against diabetes as water is full of nutrients like Vitamin and others,They have been advised to give their children the food found in school so they can eat and get the vitamins and other things in the food.
Zimen…Ēla la …Ėe gbe∆í√£e be yewoa…Ėo dedien…Ēn…Ēdzikp…Ēla bubuwo …Ėe z√£ me.,The chairman announced the deployment of more security forces in the night.,The government has asked the public to be careful of false prophets in the country.
Woa…Ėo x…Ēdzisasr√£wo …Ėe atikpl…Ē∆íea hena dedien…Ēn…Ē.,A fence will be built around the staff quarters for security.,They are selling their properties at the market at a high price.
M√≠ayi edzi al√© Ňčku …Ėe tsa…Ėilawo ∆íe te∆íe bubu siwo le Ashanti nutoa me Ňču le m√≠a∆íe nus…Ēsr…ĒŐÉ si gb…Ēna me.,we will continue look at the other tourist site in the Ahanti region in our next lesson.,My wife's mother is from the royal family in the Ashanti kingdom in our ancestral lineage.
Wogbl…Ē be adzodada si Nana Agradaa z√£ ts…Ē x…Ē ga le ameawo si la …Ėo e∆íe gbedox…Ē me fifia.,It is said that the extortion used by Nana Agradaa to extort money from the people has now reached his temple.,It is alleged that Nana Agradaa has taken her gods to the village where she was born and they are currently in her hometown.
"Ne √®kp…Ē nusiawo kat√£ la, efia be no me kansa le nu gblŠļĹm le w√≤ susu Ňču, Kp…Ē w√≤ …Ė…Ēkta enumake.","If you see all these, it means that breast cancer is killing your memory, See your doctor immediately.","When all the nurses left, it was only then that I realized I had a problem with my womb, so I went to see a doctor."
"Ehi√£ be ame nate Ňču ats…Ē nu siwo kat√£ nye kol√©ra (le kp…Ē…ĖeŇču me, nudodowo, nudodowo kple kpluwo me) la a∆íle ahaw…Ē wo …Ėokuiwo nyuie.","Proper disposal and treatment of all materials that may have come into contact with the feces of other people with cholera (e.g., clothing, bedding, etc.) are essential.","They should wash their hands with soap under running water before eating (in the morning, noon, and evening) to prevent the disease from spreading."
Amewo dina …£esia…£i be nu nyuit…Ē na yewo …Ėokuiwo nenye be edi be yewodzudz…Ē d…Ēw…Ēw…Ē h√£.,People always want the best for themselves even if it requires them to stop working.,They have many stories about the origin and the migration of their ancestors from one place to another.
Wokpe amedzrowo be woade poliswo ∆íe d…Ēw…Ē∆íea.,Residents were invited to attend the grand opening of the police station.,The thief was arrested by the police at their station.
Dzi…Ėu…Ėua le klalo be yea…Ėe gbe∆í√£ asi yeye siwo woats…Ē akpe …Ėe kokoo ∆íe asiwo Ňču le kwasi…Ėa si gb…Ēna ∆íe Ňčkeke gb√£t…Ē dzi ne wodze …£eyi…£i kple te∆íe siwo woaw…Ē kokoo la g…Ēme.,The government is ready to announce the new prices that would be added to the coco prices on the first day of the week coming when they launch the time and places for the cocoa.,"The farmer must take care of the cocoa farm and the forest around it, on the first Thursday of the month of May, and make a libation with the local drink and the food prepared from the cocoa."
Nutoa me Ňčg…Ēn…Ēlawo …Ėoe be yewoakp…Ē ale si nutoa me t…Ēwo w…Ēa d…Ēe.,Local leaders have plans underway to ensure regional development .,"I give my knowledge to those who don't know so that they will know, just as someone gave me knowledge."
"Le esiawo kat√£ me la, NPP ∆íe Sew…Ētakpekpe me t…Ēwo meda asi …Ėe NDC ∆íe Sew…Ētakpekpe me t…Ēwo ∆íe biabia dzi o. Wo…Ėe eme be togb…Ē be yewodi be woa…Ėe Ganyawo ∆íe D…Ēdzikp…Ēla le d…Ēme h√£ la, yewoaz√£ yewo∆íe Ňčutetewo.","Within all this, the NPP Members of Parliament did not support NDC Members of Parliament request. They explained that although they want the Finance Minister to be sack but they will use their means","In this our nation, NPP parliamentarians are more than NDC parliamentarians. They say it is because they chose a good leader in the person of their President, that is why they are able to increase their numbers."
"Ebia tso dzi…Ėu…Ėua si be w√≤ava kpe …Ėe Bomaaman Ňču, elabena wokpl…Ēa wo yia afisiafi","He asked the government to come to the aid of Bomaaman, because they are taken away everywhere","They have been informed that they will go to the Bomaaman there, because their leader has been taken ill"
"Ňäku- bli, kar…Ēt, koklozi, ayi, atadi, salmon, nagoti.","Eyes- maize, carrots, eggs, beans, pepper, salmon, sweet potato.","Catfish, carrot, turkey, onion, potato, salmon, coconut."
Ak…Ēntabubud…Ēw…Ē∆íea aw…Ē et…Ē sinua axe fetuawo …Ėe game dzi.,The accounts office will do its best to pay the salaries on time.,The accountant's office is located on the top floor of the building.
"S…Ēh…õ a…Ėewo metea Ňču x…Ēa d…Ē le sukunuwu…£i o, gake eda ga ge…Ėe …Ėe e∆íe d…Ēwo me le nutoa me be w√≤akpe …Ėe ny…Ēnuwo Ňču be woadzidze a∆íemed…Ēwo …Ėe edzi.","Some youths fail to get jobs after graduation, but he has injected more money into his businesses in the area to help women increase household income.","The man and his wife were farming in their farm, but she was also selling her goods at the market to get money to buy clothes for the children."
"Ame a…Ėewo mehi√£ ale gbegbe be wometea Ňču w…Ēa atikew…Ēnyawo o, eye zi ge…Ėe la, wo…Ėea wo …Ėe aga le wo∆íe a∆íewo me.",Some people are too poor to access medical services. They are usually quarantined in their homes.,"They brought their problems to the elder under the tree and he listened to them, and when he finished, they took their problems back home."
"Az…Ē h√£, ny…Ēnu tsitsi a…Ėe tso fofoa ∆íe ∆íomea me x…Ē …Ėevia eye w√≤ts…Ē av…Ē …£i tsy…Ē …Ėevia dzi eye …Ėevia tasi ay…Ē Ňčk…Ē si vifofoa di be yeats…Ē ana …Ėevia.","Also, an old woman from the family of the father recived the child and cover the child with white cloth and the aunty of the child will mention the name that the father wants to give it to the child.","Then, one of the women from the father's house took the child and she held the child on her back and the child's feet were touching the father's back as if the father was carrying the child."
Ametafatafae nye be woax…Ē ga le ame a…Ėe si anukwarema…Ėima…Ėit…Ēe to ametafatafa alo ameflunyawo me.,Swindle is to get money dishonestly from someone by cheating or deceiving them.,The teacher is not supposed to be among the people who are lazy in the teaching or learning process.
"Sitso∆íedila a…Ėewo mate Ňču ade d…Ēw…Ē∆íea o, elabena ame ge…Ėewo dze d…Ē le …£leti sia dzi.",Some refugees cannot attend the workshop because many have fallen sick this month.,"The farmer's laziness made him unable to harvest his crops, so the animals came to eat them on the farm."
Nutomek…Ēmitia kp…Ēa ame siwo le nutoa me ∆íe dedien…Ēn…Ē dzi.,The district committee is responsible for the security of the people in the area.,My brother's wife is the one sitting on the first chair in my room.
M√≠ate Ňču akp…Ē Ňčutete siawo ∆íe akpa g√£t…Ē le …£eyi…£i a…Ėewo me.,Most of the skills can be acquired over a given period of time.,Many people do not know the importance of palm tree in some areas.
"Abe alesi hamemetsitsiwo gbl…Ēe ene la, gbe…Ėeka le susu a…Ėe ta m√≠el…ĒŐÉa kpakpalu čui ∆íe dzoa yiyi.","As the elders have said, one day for a reason we love to go to the quail fire.","They have already informed the whole town, and everyone in the house is now aware of the elder's death."
"Togb…Ē be atike a…Ėeke meli fifia o h√£ la, blanuil√©lenutsitikewo kpena …Ėe ame mawo Ňču be woan…Ē te …Ėe enu vivivi.","Although there is no cure at present, antidepressants help such people to cope slowly.","The elder who is in the house now and his group, are rejoicing and calling on everyone to come and hear the good news."
Wona n…Ēvinyeny…Ēnu dzea d…Ēn…Ēa ∆íe …Ė…Ēktawo gb…Ē.,My aunt was promoted to the position of senior doctor of the hospital.,They are selling the doctor's car.
"Esi af…Ēdzia ∆íoa ∆íu n…Ēa afima Ňčkeke ge…Ėe ta la, ame la sena le e…Ėokui me be agba le ye∆íe ali kple axame me.","Because the solid waste gathers and remains there for days, the person feels heaviness behind the loins and the abdomen.","When the dry season comes, the sun shines very much, and people usually sit under the tree to get shade and cool breeze."
Anyigbatata ∆íe akpa a…Ėee nye ale si n√†de dzesi m…Ēnu siwo kat√£ ado dzidz…Ē na amee.,Mapping an area involves identifying all the boundaries for the area of interest.,The beginning of wisdom is to know that all the world's wealth belongs to God.
Nu siawoe nye vifofo si a∆íle wo dome akpa g√£t…Ē.,These things is the father who will buy most of them.,The stranger's death is not announced in the forest.
"Zi ge…Ėe la, woz√£a agbeli aŇčgbawo alo aŇčgba bubu si s…Ē na esia.",They usually use cassava leaves or a similar leaf for this.,"In the forest, there is a type of leaf that is bitter or very bitter to the taste."
Woaw…Ē kpekpe kpui a…Ėe ats…Ē adzro m…Ē si dzi sitso∆íedila siawo ato ayi Ňčg…Ēe me.,There will be a brief meeting to discuss the way forward for these refugees.,The chief's big hat fell from his head and all the town's people were shocked and sad about it.
"Ke amekae n√®nye be n√†gbl…Ē na nun…Ēla la be e∆íe a…Ėuwo bi√£? Ne √®fe kplii h√£ la, ats…Ē w√≤ ade gax…Ē me.","but who are you to tell the priest that his teeth are red? If you play with him too, he will put you in prison.","Is it the person who is being advised that knows the advisor is giving good counsel? If the advisor's words are not heeded, then the advisor is considered a fool."
"Nusi wogbl…Ēna zi ge…Ėe enye be, ne ny…Ēnua w…Ēe nenema la, ana vidzń© si le d…Ē me madze tugbe alo dze de ka o.","What they normally say is that, if the woman does that, it will make the unborn baby not to look beautiful or handsome.","When the chicken lays an egg and it doesn't hatch, it's not the fault of the person who bought the egg but rather the chicken that didn't sit on it well."
Woakp…Ē m…Ēnu siwo kat√£ woz√£na ts…Ē w…Ēa d…Ē nyuie la dze sii.,All techniques used in improving production will be seen.,They all worked together to make the town a better place.
"Le afisia h√£ la, m…Ēz…Ēla siwo tso Accra yi Tamale axe GH 240.00. Mina m√≠al√© Ňčku …Ėe asi yeye siwo VIP JEOUN …Ėe gbe∆í√£e fifia Ňču","Again, travelers from Accra to Tamale will pay GH?240.00. Lets look at the new prices VIP JEOUN has now announced","The fare is high, the cost from Accra to Tamale is GH 240.00. I don't have money to pay for the VIP ticket that has been increased now."
"√Ä…Ėo Ňčku edzi be m√≠ekp…Ēe le sinima a…Ėewo abe ""The weeping soul, The maid, Dumebi the dirty girl, Heart of a fighter""  kple sinima bubuwo me.","You will recall that we saw her in some movies like ""The weeping soul, The maid, Dumebi the dirty girl, Heart of a fighter"" and other movies.","She is known for her roles in some movies such as ""The weeping soul, The maid, Dumebi the dirty girl, Heart of a fighter"" and other movies."
Wode asi nubabla a…Ėe te …Ėe nutome g√£wo ∆íe d…Ēw…Ēw…Ē Ňču,An agreement was signed for regional development .,They are going to the farm to work on the farm owner's land
"Zi ge…Ėe la, hamemeg√£wo …Ėea nunya si le ""∆ío∆ío atra…Ėii, gb√£a ati"" me fiana.","The elders often express the wisdom of ""continuous hitting, breaks the wood.""","In this world, we are told to be patient and that ""patience is good, waiting is best""."
Menye …Ėeviwo kat√£e n√®dina ne √®tsi o.,Not everything you want as a child you get when you grow old.,All the children are playing outside with their mother.
Ame sia ate Ňču ata av…Ē sia ats…Ē a…Ėo dzesiwo …Ėe amesiwo n…Ēa te …Ėe eŇču la Ňču.,This person can wear this cloth to send signals to those who depend on him.,They came and took the man and the woman and put them in the midst of those who were there so they could see them.
Ele be Ňčutsuwo nate Ňču aw…Ē d…Ē sesń©e ale be woakpe …Ėe yewo∆íe ∆íomea Ňču.,Men must work hard in order to support their families.,They are the ones who will take care of them and bring them to their home.
Edze eg…Ēme va se …Ėe esime w√≤n…Ē t…Ēdzi ču a…Ėeke me o va se …Ėe esime w√≤n…Ē t…Ēdzi čua me.,She started without a having designate orphanage house until she owned one.,"The monkey's habit is not in the forest where it lives, but in the forest where it was born."
Ele be woadze agbagba …Ėesia…Ėe aw…Ē w…Ēna kple nu∆ío vovovowo le te∆íe siwo le se nu alo le dzi…Ėu…Ėua ∆íe x…Ēwo me;,They must make every effort to hold various events and lectures in lawful places or buildings of the government;,They are very stubborn and do many bad things in the places that are in the bush or in the forest areas.
"Le esi te∆íe be woaz√£ aŇčgbawo le m…Ē xoxoa nu ats…Ē axl…ĒŐÉ nu amewo tso m…ĒŐÉ siwo me af…Ēku le la Ňču la, fifia wotea av…Ē dzń©wo …Ėe m…ĒŐÉ v…ĒŐÉ…Ėiawo Ňču.","Instead of the old method of using leaves to alert people about the deadly traps that have been set, strips of red cloth are now knotted around the harmful traps.","The reason why they are crying in the village and everyone is running to the forest is that, they heard that the soldiers have arrived in the village."
EŇčutinunyalawo kple d…Ēw…Ē∆íeg√£ siwo ate Ňču akp…Ē nutoa me dzi…Ėu…Ėu ∆íe d…Ēwo gb…Ē le nutome la me.,The district has experts and bureaucrats who can handle local government projects.,The youth and the elderly who are in the house should take part in the household chores.
"Le m√≠a∆íe dz…Ēdz…ĒmeŇčutinunya g…Ēmesese si le ta kekem ta la, womegats…Ēa d…Ēl√©le siwo x…Ēa ame me doa ∆íome kple dzix…Ēse siwo do xoxo o, ke boŇč woz√£a atikew…Ēw…Ēm…Ēnu deŇčg…Ēwo ts…Ē daa d…Ēe.","Because of our expanding understanding of science, infectious diseases are no longer associated with outdated belief systems and are instead treated using cutting-edge medical procedures.","The woman's beauty and her good character are what attract people to her, not the expensive clothes and the numerous jewels that she wears, but the good manners she shows to everyone."
Ghanait…Ē ge…Ėewo ahe to na ame ale gbegbe nenye be coronavirus le abe Ebola ene,Many Ghanaians would be so disciplined if coronavirus was like Ebola.,Ghana's borders are not closed but we are on high alert because of coronavirus like Ebola
Nutome∆ílelawo nye dug√£ ∆íe te∆íen…Ēlawo le wo∆íe nutoa me.,Resident district commissioners are representatives of the president in their district.,The teachers are the leaders of the students in their learning place.
"Esi wo…Ėe asi le eŇču le gax…Ē me le ∆íe 1966 me la, Dr.Ebenezer Ako-Adjei megakp…Ē gome le Ghana dunyahehe me abe alesi w√≤w…Ēe ts√£ ene o.","After his release from prison in 1966, Dr.Ebenezer Ako-Adjei no longer participated in Ghanaian politics as he had done before.","In 1966, Dr. Ebenezer Ako-Adjei became the first Ghanaian to be imprisoned for treason by a civilian government."
Wo∆íe fia k…Ēk…Ēt…Ē enye Asante fia Dwaben fia Nana Yaw Sarpong nye wo vi at…ĒŐÉlia.,Their highest king is Asante king the king of Dwaben Nana Yaw Sarpong is their fifth child.,"Your king's red hat is Nana Yaw Sarpong, the king of Dwaben of the Asante king, your child's crown."
"Wo∆íe k…Ēnyinyiwoe nye be woan…Ē fia v…ĒŐÉ…Ėi si nye Togbe Agorkoli (Agorkoli) te, eye ale be woate Ňču asi le e∆íe dzi…Ėu…Ėu sesŠļĹ la me ale be woaw…Ē do a…Ėe le gli si ∆ío xl√£ wo∆íe dua me la me.","Oral tradition has it that they lived under a wicked king, Togbe Agorkoli ( Agor Akorli), and in order to escape his tyrannical rule they had to create a hole in the mud wall that surrounded their town.","They say the history is that their great ancestor Togbe Agorkoli (Agorkoli) was there, and it was during his reign that they came to settle in this land and they made a certain covenant in the forest of their origin."
N…Ē Ňčudz…Ē …Ėe ame si n√®…Ėe asi le viw√≤a Ňču la Ňču!,Be careful with the person you leave your child with!,"If you don't know the person and you give them something, give to the left hand!"
"Te …Ėe amesiwo doa dzidz…Ē na w√≤ Ňču, eye n√†yi te∆íe siwo ana n√†kp…Ē dzidz…Ē.","Approach those who make you happy, and go to places that make you feel happy.","If you do good to someone and they do not know, it is like throwing your things into the open forest."
Womete Ňču w…Ē …Ėo…Ėo …Ėe  ču…Ėo…Ėoa Ňču le ga sue si le wo si ta.,They failed to organize the transport because of the limited funds.,They brought the yams and put them in the yam barn and then they closed it and went home.
Ele be amewo nakp…Ē gome le asitsatsa me eye woana woa∆íe gbe nanyo …Ėedzi.,People should engage in business and improve their standards of living.,The thief is hiding behind the house and the owner of the house does not know.
"Le afisia h√£ la, nu et…ĒŐÉliae nye koklol√£ si wo…Ėa.","Again, the third ingredient is cooked chicken.","The officer is there, but the truth is that he is not working."
"Ne √®lia ati nyui a…Ėe si me atikutsetsewo le lae m√≠enaa tutu w√≤ be n√†Ňče, elabena wonya be ne edo nyuie la, yewo∆íe gome an…Ē yewo si.","it is when you climb a good tree with fruits that we give you a push so pluck, because they know when it comes out good, they will have their share.","If a person is drinking and someone says stop, but they don't, when they get drunk, they will say the drink is not good, and blame it on the drink."
"Hekpe …Ėe gadzra…Ėo∆íewo Ňču la, afi kae nutoa me akpa g√£t…Ē z√£a ga le?","Besides banks, where do most locals borrow money from?","When the shepherds are quarreling among themselves, does the sheep know which one to follow?"
1. Ňäutinyagb…Ēgbl…Ē: Esia nye fefe ∆íomevi a…Ėe si ame tsitsiwo kple …Ėeviwo siaa ate Ňču aw…Ē. Fefe sia ∆íomevi nyea fiŠļĹsi me esime dzinu bliboa dzena zi ge…Ėe,1. Storytelling: This is a type of game that can be play by both old and young. This type of game is mostly play in the evening when the full moon is visible,1. Introduction: This is a short story about how men and women came to live together. This short story took place long ago when the world was still very dark.
Wobia tso asitsalawo si be woal√© l√£mesŠļĹnyawo ∆íe m…Ēfiamewo me …Ėe asi hafi ate Ňču an…Ē te …Ėe d…Ēl√©lea nu.,Market vendors were asked to follow the health guiderines to survive the pandemic.,They have been sitting on our great thrones in our kingdoms and ruling us before we came to know about the truth.
"Hafi amewo nakp…Ē nunya le d…Ēw…Ēw…Ē kple m…ĒŐÉwo me la, kadodom…Ēnu kple alesi won…Ēa agbee n…Ē Akant…Ēwo si.","Before people got wisdom in working with machines, the Akans had ways of communication and how they led their life.","After they have acquired knowledge in books and wisdom, they are able to join those who are already wise like the Akan people."
"Togb…Ē be d…Ēl√©le sia meb…Ē …Ėe ame ge…Ėe me o h√£ la, af…Ēku le eme na amesiwo Ňču d…Ēl√©le sia le Ňčut…Ē.","Although this disease is rare in many people, it is very dangerous for those who have this disease.","The elder is in this house, but the noise is outside, the noise makers are outside and those inside the house are quiet."
Dukpl…Ēla ∆íe kpe…ĖeŇčut…Ē si li fifia nye tiatiaw…Ēha ∆íe zimen…Ēla ts√£.,The current vice president previously served as chairman of the electoral commission.,The current president of the association is the chairman of the teachers union.
Wode se n…õ tso afima be w√≤a…Ėo dze kple Chelse ∆íe ∆íu∆ío∆íoa ∆íe d…Ēdzikp…Ēlawo le telefon dzi.,They instructed him from there to have a chat with the Chelse team managementon phone.,He said he had spoken with Chelsea officials on the phone.
"Ele be woabu dzi…Ėu…Ėumeg√£wo ∆íe dze…Ėo…Ėowo Ňču vevie, elabena zi ge…Ėe la, nyatakaka veviwo, m…Ēfiamewo alo m…Ēfiame vevi siwo dzi dzi…Ėu…Ėua le la gbl…Ēm.","Official communication should be taken seriously, as it often conveys important information, instructions, or policies from authoritative sources.","They are the ones who are very good at making trouble for the peaceful people in the town, and when it happens, they hide, the thieves, the wicked ones or the wicked thieves who are in the habit of causing trouble in the town."
∆Ēeyi…£i didi: D…Ēme…Ėui si n…Ēa anyi …£leti ade alo esi wu nenema.,Long-term: Constipation that lasts for six months or more.,The elder said: The hunter's wife is not allowed to eat bush meat.
Ele be woadze agbagba akp…Ē kuxi t…Ēx…õ siwo ny…Ēnuviwo doa goe le sukudede le duk…Ēa me gb…Ē.,Efforts need to be made to address the specific challenges faced by girls in accessing education in the country.,They are very old men who have grey hair and beards sitting under the shade of trees in the villages and towns.
"Le nyate∆íe me la, d…Ēl√©le siawo ate Ňču agblŠļĹ nu le m√≠a∆íe Ňčutil√£ h√£ Ňču.",The reality is that these illnesses can actually harm our bodies as well.,"The woman is at the river, she is washing her clothes and the man is sitting under the tree."
Alhaji Abubakari Alhassan …Ėe kuku na dzi…Ėu…Ėua be ne sŠļĹ e∆íe sewo me le e∆íe m…Ēz…Ēz…Ē kple galamsey me ale be woateŇču al√© kokoo kple e∆íe nyawo me …Ėe asi.,Alhaji Abubakari Alhassan has made a plea to the government that he should tightened his rules in his journey against galamsey so that they can maintained the cocoa and its issues.,Alhaji Abubakari Alhassan has been accused of using his farm and galamsey activities as a cover-up for his alleged involvement in cocaine and other illicit drug dealings.
"Wogale wo domet…Ē a…Ėewo z√£m, gake womegale wo domet…Ē akpa g√£t…Ē z√£m o.","Some are still in use, but the majority are no longer in use.","The stranger who has many relatives is not a stranger, but the person who has no relatives is a stranger."
Nufialaa dze dze…Ėo…Ėo a…Ėe g…Ēme kple e∆íe sukuviawo.,The teacher started a general conversation with her students.,The teacher is standing in front of his students and his school children.
"Ny…Ēnuviawo n…Ēa wo dada, si nye agbledela dovevienu Ňčut…Ē la gb…Ē.","The girls live with their mother, who is a very hardworking farmer.","Women are the ones who sow it, but it is the men who harvest the biggest yam."
"Le ∆íe alafa 16 lia ∆íe nuwuwu la, Ghana-duk…Ē akpa g√£t…Ē n…Ē te∆íe siwo yi egbea.","By the end of 16th century, most of the ethnic groups constituting the modern Ghanaian population had settled in their present locations.","On the 16th day of the month, the first president of Ghana was at the place they were gathered."
Rukia kple Asana ∆íe d…Ēw…Ē∆íea tsi nyuie eye wow…Ē …Ėo…Ėo …Ėe d…Ēa Ňču …£esia…£i.,Rukaya and Asana's workspace was always neat and organized. They always made sure to put everything in its proper place.,Rukia and Asana's workplace is nice and they do their work with enthusiasm.
Gad…Ēw…Ēla siwo le asitelefon dzi kp…Ēm la mekpena …Ėe wo Ňču le gadz…Ēdz…Ē ta o.,Mobile money agents are receiving less commission because of mobile money tax.,The teacher said on the phone that she would meet you at the market.
"Numekukuwo …Ėee fia g…ĒŐÉ h√£ be, ame a…Ėewo x…Ē abi vevie, esime won…Ē agbagba dzem be yewoage …Ėe eme.","Investigations even showed that, some people were severely injured, when they were straggling to get inside.","They have been installed as chiefs of the town, some people have bought some sheep, and the elders have been slaughtering them to make the chief's name known."
"Ame siwo le Portland, si nye Oregon, si nye ""Portal Homowo kple Veny…Ēnuviwo ∆Ďe Ňäkekenyui "" (Portalland Homowo ∆Ďe AgbalŠļĹ G√£) la w…Ēe be yewoa…Ėu Ňčkekenyui le yewo∆íe a∆íemet…Ēwo gb…Ē.","Ga people living in Portland, Oregon host the ""Portland Homowo & Twins Festival"" to celebrate alongside their native counterparts.","They are in Portland, Oregon, and are called ""Portal Homowo and friends Association"" (Portland Homowo Association Book) they say they have a meeting in their hometown."
"Le afisia h√£ la, wots…Ē wo∆íe kotokuwo eye wodzra wo∆íe tu siwo me t…Ēsisi Twi tsr…ĒŐÉe …Ėo la …Ėo.","Again, they took their sacks and kept their guns in which made river twi destroyed it.","The officer said, take your keys and go and park your car where the Twi man's truck is."
Nu kae w√≤le dzi…Ėu…Ėu si le nutoa me kple susu be tsitsi …Ėe dzi na va mia∆íe nutoawo me?,What should be done by local government to develop their local areas?,Why do you always put thorns on the path and think that children will not pass through it?
Ame tsitsiwo ∆íe xexlŠļĹme s…Ē gb…Ē le sitso∆íedilawo dome.,There is a big percentage of older people among the refugees.,The origin of the river is in the mountainous region.
Coronavirus le dzidzim …Ėe edzi le Ghana ∆íe gax…Ēwo me eye gamen…Ēlawo ∆íe l√£mesŠļĹ va zu nusi Ňču amewo tsi dzi …Ėo,There is a rising number of coronavirus cases in Ghana prisons and inmates health is becoming a public concern,Coronavirus has spread in Ghana's markets and the prices of goods have risen on the heads of people.
Ame eve ∆íe ∆íu∆ío∆ío yia tsatsa le k…Ē∆íea Ňču Ňčdi sia Ňčdi.,A two-person team is to patrol the village every morning.,The person who eats the fruit from the tree on someone's farm is someone's child.
T…Ēdzisasr√£a ∆íe d…Ēa w…Ēa t…Ēsisi gbogbo siwo le nutoa me Ňčud…Ē.,The dam project makes use of the numerous rivers in the area.,The laws of the ancestors are in the hearts of all the people in the town.
"Ne m√≠el√© Ňčku …Ėe eŇču nyuie la, …£eyi…£i a…Ėe va yi la, Bonot…Ēwo ∆íe nutoae nye esi woy…Ēna be Akant…Ēwo ∆íe hab…Ēb…Ē.","If we look at it well, some time ago, the Bono community was the one called the Akan community.","In our Ewe language, there is a saying that, when you go to someone's hometown, what the inhabitants call a big forest is what the Akans call a small bush."
Wodr…ĒŐÉa f…Ē ny…Ēnu a…Ėe le esi w√≤nye l√£ si mede o ta.,A woman was convicted for illegal possession of meat.,The man loves the woman who is sitting beside him.
"Le esia ta la, wokp…Ēe be woate Ňču aw…Ē …Ėo…Ėoawo dzi.","In view of this, they realized that the arrangements could be implemented.","The church is there, but the work of God is what we are doing in the world."
D…Ēw…Ē∆íe siwo le dze…Ėo…Ėo me la …Ėua nyatakakadzra…Ėo∆íe siwo le Mast,Mast sites are managed by the terecommunication companies.,The youth who are in the church and the elderly who are in Mast
"Wogbl…Ē be yewomada asi …Ėe ŇčutasŠļĹnuw…Ēw…Ē a…Ėeke dzi o, woxl…ĒŐÉ nu be a∆ío ame alo ame ∆íe ∆íu∆ío∆ío …Ėesia…Ėe si woakp…Ē be ele nuw…Ēna mawo t…Ēgbe w…Ēm la nu ∆íu eye woats…Ē wo ade asi na sedzikp…Ēlawo.","They said they would not condone any act of violence, they warned that would round up any person or group of persons found engaging in such acts and hand them over to law enforcement agencies.","The Bible says that on the mountain of transfiguration, a voice came saying this is my beloved son, listen to him, and we know that when the disciples heard this voice, they fell with their faces to the ground and were afraid to look up at what was happening."
ŇäusŠļĹ ∆íe  či čli …Ėe sia …Ėe ate Ňču ana be Ghanait…Ēwo ∆íe ma…Ėif…Ēwo na č√£.,Any power struggle can cause displacement of innocent Ghanaians.,The wisdom of the elderly is needed to advise Ghanaian youth.
"Egbl…Ē be, …Ėo…Ėo sia nye dzi…Ėu…Ėumeg√£wo kple dukpl…Ēla ∆íe a…ĖaŇču…Ėoha ∆íe m…Ēfiame si wole m…Ē kp…Ēm be adze eg…Ēme le February me","He said that is, this process is the direction of the chief ministers and the presidential advisory board which is expected to start in February","It is said that, the day is set for the meeting of the chiefs and the queen's representatives which will be held in February."
Agbagbadzedze be woa…Ėe asr√£d…Ē …Ėa la le edzi yim le L√£mesŠļĹnyawo Gb…Ēkp…Ēha ∆íe tat…Ē me,The efforts to eradicate malaria are underway headed by the Minister of Health,The elders who were sitting under the tree in our town in the L√£mesŠļĹnyawo Gb…Ēkp…Ēha chief's land
"Woz√£a numiemie siawo elabena ex…Ēa …£eyi…£i didi hafi buna keŇčkeŇč le anyigba a…Ėe dzi, ne wobuna kura g…ĒŐÉ h√£.","They use these plants because they take a long time to completely disappear from a piece of land, if they do at all.","They brought many people to the farm to work, but they didn't even give them food to eat, and they worked till night fell."
"Le e∆íe l…õta si wotso afia n…õ me la, Ňčutsu sia ∆íe af…Ē…Ėe…Ėea tsi tre …Ėe Ekiti √źeviwo ∆íe Hab…Ēb…Ē ∆íe se si wow…Ē le ∆íe 2012 ∆íe Se 32 ∆íe akpa 2 lia me Ňču.","In his sentenced letter, the action of this man is against the Ekiti Children's Foundation law which was made in 2012 Act 32 section 2.","The reason for this letter is that, I and my family, we are from Ekiti Development Association's zone which is stated in the 2012 Constitution Article 32 Section 2."
Ame a…Ėewo tiae be yewoa ču ayi te∆íe bubuwo le susu siwo tae.,Some individuals choose not to migrate to other areas due to personal reasons.,They are sharing the food so everyone will eat and be satisfied in their stomachs.
Asr√£d…Ēl√©kui sia ate Ňču akaka …Ėe amegbet…Ēwo me to nudzodzoe siwo Ňču d…Ēl√©lea le ∆íe …Ėu…Ėu me.,The malaria parasite can be spread to humans through bites of infected mosquitoes.,The love of money is the root of all evil that exists among men in this wicked world.
Vevesese sia ate Ňču ax…Ē miniti alo ga∆ío∆ío  č…õ a…Ėewo hafi w√≤a…Ėe eye woate Ňču az√£ atike a…Ėewo ats…Ē a…Ėe vevesese sia dzi akp…Ēt…Ē hena …£eyi…£i a…Ėe.,This pain may take a few minutes or hours to resolve and some medications can be used to relieve this pain for a while.,This song was sung for minutes or hours and they danced before they stopped and when they stopped singing the song the dancers also stopped dancing to this song and everyone clapped.
Ajumako duk…Ēmeviwo ∆íoe …Ėe enu be woaw…Ē d…Ē aduadu kple nutoa me dzi…Ėu…Ėua be woats…Ē atsi a…Ėitsi ∆íe kaka nu.,The people of Ajumako have urged to work together with the local government in order to combat the spread of measles.,The Ajumako youth have been advised to work hard in farming and fishing to reduce their dependence on the gifts of others.
Ehi√£ be sukudodokp…Ēkp…Ēwo nan…Ē dzadzra…Ėo…Ėi bliboe be woate Ňču asr…ĒŐÉ nu tso sukud…Ēw…Ē∆íewo Ňču.,School labs need to be fully equipped to handle Chemistry lessons.,The children of the teachers were very happy because they had learned wisdom from their teachers.
Dzi…Ėu…Ėumeg√£wo ∆íe hamemetsiwo nye duk…Ēa ∆íe nuto vovovowo.,Members of parliament represent different regions of the country.,The laws of the elders are the great pillar of the state.
"Nya siawo ts…Ēa agbemenus…Ēsr…ĒŐÉ kple nunya veviwo …Ėe asi. Ne √®he to na w√≤ g…Ēme la, √®∆íoa fu …Ėe w√≤ d…Ēgbo me. Nenema ke nun…Ēla la n…Ēa anyi …Ėe adz…Ēge be ye∆íe du namu, anye e∆íe akpa a…Ėe.","These sayings carry important life lessons and wisdom. If you punish your bottom, you flatulate in your stomach. Similarly, the priest sits aloof for his town to collapse, he will be part of it.","The beautiful woman took the ring and the small things and put them down. When she got to her husband, she hid them in his pocket. The man did not know that his wife had put something in his pocket, only his partner knew."
"Ke boŇč …£ea…Ėewo…£i la, d…Ēl√©lea te Ňču …Ėea e…Ėokui fiana vie alo …Ėea dzesiwo fiana be eya h√£ li.","Instead, sometimes the disease can manifest itself slightly or show symptoms to indicate that it is also present.","When the hunters went, the tortoise also went to the forest to look for food and the hunters were also looking for animals to hunt."
Nu…Ėa…Ėavi bubuwo akpe …Ėe Ňčuw√≤ be woakp…Ē nutoa me ta.,Alternative cooking sources help to preserve the environment.,The morning sun greets the tortoise that it will meet in the forest.
Wode kpovit…Ē a…Ėe gax…Ē me le esi w√≤z√£ adz…Ēxelawo ∆íe ga le m…Ē gbegblŠļĹ nu le …£leti si va yi me. ta.,A certain officer was imprisoned for misusing taxpayers money last month.,My brother's child is crying because he has taken the voice of the frogs in the forest in the month that has passed.
"Fifia, ne ame akpa g√£t…Ē kp…Ē dzesi dzń© sia la, wokp…Ēa l…Ēl…ĒŐÉ, ŇčusŠļĹ kple …Ėekaw…Ēw…Ē.","Now, when most people see this red symbol, they see love, strength and togetherness.","Home, is where the good person goes to rest, and finds love, peace and happiness."
"Wo domet…Ē a…Ėewoe nye had…Ēw…Ēlawo ∆íe agban…Ēamedziwo, gake ne …Ėeko w√≤bia la, dzi dzea eme.",Some raised issues are company obligations but all he's asking for is calmness.,"Their songs are the lamentations of the suffering, but when one examines them closely, they are full of wisdom."
Menye te∆íe …Ėe sia …Ėe si le duk…Ēa me lae s…Ē be woatu x…Ēa o.,Not every place in the country is suitable for construction of the borehole.,"If you don't know the house you are from, then it is difficult to find your way home."
Dzila a…Ėewo mex…Ēa wo viwo be woa∆ío asa na alakpanyawo atike v…ĒŐÉ…Ėiwo o.,Some parents didn't take their children for immunization upon rumours of fake drugs.,"The days of our ancestors were good, they lived long and their lifespan was also long."
Wo…Ėo a…ĖaŇču na …Ėeviwo be woasr…ĒŐÉ nu tso sukudede Ňču.,Children are advised to be positive about education.,The child and the witches are playing in the darkness of the night.
T…Ēdzi čua dze anyi le ta la me eye ame ge…Ėe ku.,The ferry capsized in the lake and killed a number of people.,The rain that beats us is the same that makes the corn grow.
Tsi dzadz…õa akpe …Ėe m√≠a Ňču m√≠aw…Ē avu kple d…Ēl√©le siwo tsoa tsi me.,The clean water will help in the fight against waterborne diseases.,Water flows from the top of the mountain to the bottom with speed and great force that comes from within the water.
"Ne amesiwo le li∆íoa dzi domet…Ē …Ėeka …Ėee …Ėa g…ĒŐÉ h√£ la, egatsina ake.","Even when one of those sharing the boundary uproots it, it grows again.","If you do not know the depth of a river, do not put your foot in it."
Wots…Ēa gbemel√£ saa v…Ēe eye esia fia Aboakyert…Ēwo ∆íe az√£…Ėu…Ėu ∆íe g…Ēmedzedze.,The bushbuck is sacrificed and this signifies the start of the Aboakyer festival.,They were given a new name and that is why the Aboakyert…Ē people's celebration is called G…Ēmedzedze.
"Le nyadz…Ēdz…Ēwo me la, nudz…Ēdz…Ē w…Ēnublanui sia dz…Ē le Fiany…Ēnua ∆íe a∆íeme. Fiany…Ēnua ∆íe Ňčk…Ē Ňčut…ĒŇčut…Ēe nye Elizabeth Alexander Mary Windsor.","In the news, this sad incidence occurred at the Queen's house. The Queen''s actual name is Elizabeth Alexander Mary Windsor.","In her youth, she lived with her grandparents in her mother's village. Her mother's full name is Elizabeth Alexander Mary Windsor."
Dukpl…Ēla w…Ē takpekpe eye wodzro dedien…Ēn…Ēnyawo me le Ghana ∆íe d…õwo dzi.,The president held a meeting to discuss security lapses on the Ghanaian borders.,The president is in a meeting and is discussing important issues concerning Ghana's development.
Abe alesi a∆íet…Ē tsitsia gbl…Ē nya sia kple gbe b…Ēb…Ēe ene la: ge…Ėe wu na e…Ėokui wu e∆íe z…Ēh…õ: eye esi w√≤zi …Ėo…Ėoe …£eyi…£i kpui a…Ėe le ema megbe la: Oliver b…Ēb…Ē n…Ē anyi kpoo.,As the old gentleman said this in a low voice: more to himself than to his companion: and as he remained silent for a short time afterwards: Oliver sat quite still.,"They said the man was speaking wisdom and proverbs as follows: when death kills a monkey's mother, it scatters its siblings; if it were not so, Oliver would not have been so thin."
"Nu si wow…Ēna na vidadaa kple vidzń©a enye be, wonaa gbetike wo be woano ale be vidadaa kple …Ėevia nakp…Ē l√£mesŠļĹ nyui.","What they do for the mother and the baby is that,they give them herbal medicine to drink so that the mother and child will have good health.","They did not know that the man and the woman were thieves, they thought they were husband and wife who were good traders."
"Ametsitsiwo, d…Ēn…Ēwo, kple ame akpe a…Ėewo abe Ňčkuagb√£t…Ē Akua Mansa kple Akosua Serwaa si x…Ē ∆íe 90 ene gbl…Ē be vovo mele yewo Ňču kura ne wole atike dim o","The elderly, the sick, and some thousands like 90-year-old blind Akua Mansa and Akosua Serwaa say they are very busy when it comes to seeking treatment.","Grandchildren, children, and some relatives of the late Akua Mansa and Akosua Serwaa who are 90 years old say they still have pain in their hearts if they recall the past."
"Ne edze ∆ío∆ío …Ėe edzi la, ate Ňču atso amea ∆íe nu…Ėu…Ėu kple ami ∆íe ∆íu∆ío∆ío gb…Ē.","When it starts to build up, it may be caused by the person's diet and fat accumulation.","If a woman's husband is on her side, she and her husband will share the suffering and the joy together."
"Le ∆íe 1964 me la, Nkrumah yi Duk…Ēwo ∆Ďe D…Ēw…Ēw…Ē √źo…Ėo ∆Ďe Adre Na Duk…Ēwo ∆Ďe X…Ētud…Ē Kple D…Ēw…Ēw…Ē ∆Ďe D…Ēw…Ēw…Ē ∆Ďe D…Ēw…Ēw…Ē ∆Ďe D…Ēw…Ēw…Ē ∆Ďe D…Ēw…Ēw…Ē ∆Ďe D…Ēw…Ēw…Ē me, eye w√≤gbl…Ē be suku vevit…Ē si w…Ēa d…Ē le Ňčg…Ē ts…Ē w…Ēw…Ēm la gb…Ē eye w√≤bia be woakeke suku bubuwo …Ėe edzi.","In 1964, Nkrumah brought forth the Seven Year Development Plan for National Reconstruction and Development, which identified education as a key source of development and called for the expansion of secondary technical schools.","In 1964, Nkrumah went to the Organization of African Unity Addis Ababa Conference of Heads of State and Government, and he said that the schools that they were building then were not good and he suggested that they should build new schools."
"Ts√£t…Ēa nyea agban…Ēamedzin…Ēla nenema ke le afisiafi si wots…Ēe da …Ėe sinima…Ėe…Ėe me - (e…Ėanye nugbugb…Ēgbugb…Ē, gb…Ēd…Ēd…Ē, awu …Ėe…Ėe le e∆íe awudzra…Ėo∆íe alo nu bubu a…Ėe si le abe ema ene o.) Ema h√£ eye w√≤na wonyae nyuie le sinimaw…Ē∆íewo.","The former used to be equally obliging wherever she was placed in filming - (whether kissing, having sex, undressing in her wardrobe or something else like that.) That too and made him well known in the film industry.","The teacher is a film director who has been tasked with creating a movie - (it could be comedy, tragedy, or any other genre in their area of expertise or any other thing that they are good at.) They also want to make it enjoyable for the audience."
"Nyate∆íee, ga nye nusi ame sia ame hi√£ le e∆íe agbe me be w√≤ate Ňču a…Ė…Ē nuwo …Ėo.","Of course, money is something that everyone needs in their life in order to make things right.","Brethren, if a person is sick and we pray for him in the name of Jesus, he will be healed."
Ame a…Ėewo h√£ y…Ēn…õ be Tanogbe.,Some also call it the Tano language.,The name of the town is Tanogbe.
Agbledela ge…Ėewo adze le wo …Ėokuiwo si to …Ėe…Ėefia sia dzi.,More agriculturalists will get exposure through this exhibition.,The farmer's laziness has made his farm become a forest for the benefit of the hunter.
Nu∆ío∆ío tŠļĹ ∆íe hab…Ēb…Ē siwo le sukuwo fia nu sukuviwo tso ∆íewuiwo ∆íe …£eyi…£ia Ňču.,Straight talk clubs in schools have educated students about the adolescent stage.,"The teachers and the headmasters are in the schools, but the students are at the farmers' homes."
"Az…Ē h√£, ne xewo va le nu gblŠļĹm le agblea Ňču to nukuwo …Ėe…Ėe me la, v…Ēv…ĒŐÉdonu a…Ėe dada …Ėe afima ado v…Ēv…ĒŐÉ na wo.","Also, when birds take to disturbing the farm by uprooting the crops, putting a scarecrow there will scare them away.","Then, when the dew falls on the grass in the cornfield and the sun rises, the spider's web that was there is destroyed by the dew."
"Zi ge…Ėe la, amedzro siwo va sr√£a wo kp…Ē la kp…Ēa dzidz…Ē ne woyi te∆íe yeyewo hena fefe siwo wow…Ēna le duta. Ele be b…Ēl∆íoha la natu amedzrodze∆íe siwo ame siwo doa vivi …Ėe b…Ēl∆ío∆ío Ňču an…Ē.",Visiting fans usually have fun when they go to new places for away games. The football club should build hotels where the fans can stay.,"In this world, the origin of a person's wealth is not known, but people are looking for the means to get rich quickly. It is said that the beginning of wealth is when a person starts to save little by little."
Amesiwo dze eg…Ēme h√£ doa al…Ē Ňčg…Ēyiyi ∆íe …Ėo…Ėo siwo wow…Ēna le wo∆íe nutoawo me la ∆í√£.,The initiators also barely support the development programs in their communities.,The names of the rivers and the mountains that our ancestors mentioned in their stories are lost.
Ak…Ēntabubu le vevie Ňčut…Ē le d…Ēw…Ē∆íe.,Accountability is so important in a work place.,The accountant is sitting at the table in the office.
"Kpovit…Ēwo …Ėe gbe∆í√£ h√£ be woaxe fetu si nye GHC2,000.00 na amesiame si ateŇču akpe…Ėe wo Ňču be woanya susu si tututu ta w√≤w…Ēe nenema, si na wol√©e.","Police have also announced a reward of GHC2,000.00 for anyone who can help them find out the exact reason why he did that, that has caused his arrest.","The elders have decided that they will take GHC2,000.00 as development levy and those who are not able to pay will have to pay in installments until they finish paying the money."
A čaw…Ēw…Ē le anyigba ta gakp…Ēt…Ē le amewo dome le k…Ē∆íenutowo me.,There are still land conflicts among people in the rural areas.,"Disorderliness is on the ground, and noise is among people in the towns."
Dzi…Ėu…Ėua mena ga be woatu m…Ē a…Ėewo le nuto a…Ėewo me o.,The government does not allocate funds to construct some roads in some areas.,The lion's den is not entered with a single hand or a single leg.
Ele be nutome la nax…Ē senyalawo ∆íe ∆íu∆ío∆ío a…Ėe be w√≤afia m…Ē wo le senyawo me.,The district should recruit a legal team to guide them in legal processes.,The man is in the house and the woman's voice is heard saying she is in the market.
"Le Ňčkeke  čee siwo va yi me la, elektrikŇčusŠļĹ do go kuxi siwo w…Ēe be amesiwo di be yewoa∆íle aka…Ėiwo mete Ňču kp…Ē …Ėeka o.",In the past few days electricity has been facing problems that have prevented those who want to buy lights from getting one.,"The day the lights went out in our town, the electricians went to fix the lights so that people could see and walk on the streets at night."
"Enye fefe dodzidz…Ēname a…Ėe. Ha siwo wodzina le fefea me la domet…Ē a…Ėewoe nye ""Pempenaa, Nanaa!Kp…Ē, kp…Ē, kp…Ē, kp…Ē dada koo..."". Wo∆íon…õ zi ge…Ėe le Ňčd…Ē me.","It is an interesting game. Some of the songs sing during the game is in session is ""Pempenaa, Nanaa!See, see, see, see dada koo..."". It is mostly played in the afternoon","The children were playing outside. They were singing a song in the children's language which goes like ""Grandma, Grandma! Clap, clap, clap, clap for grandpa..."". They were all laughing together."
"Kpl…Ēla siwo tso Nadowli-Kaleo Nutome, Bulisa, Jirapa Dudzikp…Ēha, kple Talensi Nutome ∆ío ∆íu l…ĒŐÉ be yewoaw…Ē d…Ē abe ∆íu∆ío∆ío ene.","The leaders from Nadowli-Kaleo District, Bulisa, Jirapa Municipal Assembly, and Talensi District together agreed to work as a team.","Groups from Nadowli-Kaleo District, Bulisa, Jirapa District, and Talensi District have come together to work as one."
Coronavirus d…Ēv…ĒŐÉa gblŠļĹ nu le duk…Ē bliboa Ňču vevie eye duk…Ē bliboa aw…Ē a ča kple coronavirus d…Ēv…ĒŐÉa le m√≠a∆íe dua me.,The whole country is highly affected by the coronavirus pandemic and there will be a national fight against the coronavirus pandemic in our town.,The spread of coronavirus is very fast in the whole world and the whole world is struggling with the coronavirus pandemic.
"Ňäutsuawo nedzi hadzidzi, Eye ny…Ēnuwo nen…Ē …£e …Ėum.","Let the men do the singing, and the women do the dancing.","The man's strength is in his eyes, The woman's strength is in her voice."
Anyigba Ňčuti nya či čliawo na amewo bu amewo ∆íe agbe kple nun…Ēamesiwo le Agona Swedru,The land disputes resulted in loss of lives and properties in Agona Swedru,"The people of Anyigba and their chiefs, together with the people and the town's elders, are at Agona Swedru."
Nkyinkyim nye nyakpakpa a…Ėe si le Fantet…Ēwo ∆íe Ňčutinyawo me si le abe nuw…Ēw…Ē si ∆íe n…Ēn…Ēme le abe zigzag ene. Wox…Ēe se be ekp…Ēa te∆íe k…Ēk…Ēewo ta eye be ekp…Ēa ame ta le gb…Ēgb…Ē me.,"Nkyinkyim is a mythical creature in Fante folklore that takes the form of a twisted, zigzag-shaped creature. It is believed to guard sacred places and is associated with spiritual protection.","Nkyinkyim is a type of ornament that is found in the art of the Akan people, specifically in the form of patterns on cloth that resemble a zigzag. It is said that it signifies the twists and turns of life and also signifies progress in life."
"Vevienyenye a…Ėewoe nye, ekpena …Ėe m√≠a Ňču m√≠enya alesi xexeame le z…Ēz…Ēm, ekpena …Ėe m√≠a Ňču m√≠e…Ėoa dze kple duk…Ē vovovowo, enaa m√≠ekp…Ēa dzidz…Ē kple bubuawo.","some of the importance are, it helps us to know how the world is moving, it helps us to communicate with different peoples, makes us happy and so on.","The youth of today, some are in school learning to become great people in the future, some are in school learning to play with different countries, and others are learning to steal and be corrupt."
Dzi…Ėu…Ėud…Ēw…Ēlawo ∆íe Hab…Ēb…Ē gbl…Ē le kpekpe a…Ėe si wow…Ē ts…Ē dzro fetu dzi …Ėe…Ėe kp…Ēt…Ē ∆íe a…ĖaŇču…Ėo…Ėoa me be yewole te sesń©e.,The Association of Government Workers stated at a meeting held to discuss the salary increment proposal that they firmly stand their ground.,The members of the Association of Fishermen said at a meeting held on the shore of the sea that they will not go fishing.
Nutomea ∆íe Ňčg…Ēn…Ēla x…Ē dz…Ēla yeye …Ėe d…Ē me le asi me.,The district leader has employed a new watchman in the market.,My brother's strength is not enough to carry me on his back.
Ele be m√≠ana x…Ēseha siwo le nutoa me nakp…Ē gome le s…Ēh…õwo ∆íe gb…Ēd…Ēd…Ē Ňčuti nufiafia me.,We should involve the local faith communities to educate the youth about sex education.,It is a great honor to be speaking in this meeting in the presence of the elders of our community.
"Az…Ē h√£, ele tsi …Ėevia, dzraa eŇču …Ėo eye w√≤n…Ēa fofoa ∆íe ∆íomet…Ēwo lalam.","Also, she baths the child, dressed and wait for the family of the father.","Then also, he was a hunter, very strong and his name was well-known among the elders of the town."
Woadzro d…Ēl√©le sia ∆íe af…Ēkuwo me eye woakp…Ē egb…Ēe.,The dangers of this disease will be assessed and remedies will be provided.,The stranger is living among his enemies and has fallen into trouble.
Nu gbegblŠļĹ w…Ēw…Ē domet…Ē …Ėekae nye ale si amewo w…Ēa nu vlo w…Ēw…Ē le m√≠a∆íe hatsotsowo me t…Ēwo nye be womehea nu gbegblŠļĹ v…õ o.,One of the causes of crime in our communities is poor upbringing.,"The wisdom the elderly have is not small, and the advice they give to those at home is what they got from their elders."
K…Ēnu sia bia be woats…Ē anyi dzń© (Akpade) atre  č…Ētru eve siwo le e∆íe axawo dzi le Fi…Ėa si nye Twins Yam Ňäkekenyui dzi.,This rite involves plastering two side doors with red clay (Akpade) on the Friday of the Twins Yam Festival.,Twins were born in the village of Akpade on Friday which is Twins Yam Festival day.
Nublanuinya a…Ėe dz…Ē …Ėe ny…Ēnu a…Ėe si x…Ē ∆íe wuiat…ĒŐÉ (15) dzi le Konongo le Ashanti nutoa me.,A sad thing has happened to a lady of the age fifteen (15) in Konongo in the Ashanti region.,A 15-year-old boy has shot a woman to death at Konongo in the Ashanti region.
Ele be woan…Ē d…Ēn…Ē siwo le n…Ēn…Ēme sesŠļĹ a…Ėe me la ∆íe n…Ēn…Ēme nyuit…Ē me nan…Ē n…Ēvi siwo le k…Ēdzi.,Patients in a critical state should be given priority in the hospital.,They are the ones who live in the beautiful villages and in the big cities with their children.
Katoliko-ha la ana asig…õ nun…Ēlawo le Ebola d…Ēv…ĒŐÉa dome.,The catholic church will provide gloves to the priests amidst the Ebola outbreak.,Catholics also have a role to play in the fight against Ebola.
"Ne ∆íomea me t…Ē bubu yi anyigbaa dzi la, esia ana woanya be ame a…Ėe va afima xoxo.","When another family member goes to the land, this will communicate to them that someone has already been there.","In this our land, if you do something bad, it is said that you will reap what you sowed."
"Ghanat…Ē asitsala si x…Ē ∆íe 43 si le UK, Enerst Kwaku Kobeah, na wonya e∆íe tame…Ėo…Ėo le NDC ∆íe aflaga ∆íe ho či čli Ňču.","Ghanaian business man aged 43 who lives in UK, Enerst Kwaku Kobeah, has made his intentions about contesting for the NDC flagbeareship known.","Ghanaian resident in the UK for 43 years, Ernest Kwaku Kobeah, has been appointed as a member of the NDC's flagbearer's campaign team."
"Wona tsy…ĒŐÉevi alafa …Ėeka blaat…ĒŐÉ sus…Ēeawo le nutoa me, eye woawo h√£ x…Ē sukud…Ēw…Ēnuwo kple sukunudidiwo.",One hundred fifty orphans have been given scholarships in the district and they also received scholastic materials and school requirements.,"They are also given a book of notes in the classroom, and they also have teachers and headmasters."
Woa…Ėo Ňčku ame siwo le Ňčutinya me la dzi le wo∆íe  akpa si wow…Ē na duk…Ēa ta.,The historicals will be remembered for their contributions towards the country.,They said the person who is in the house should come out and meet the visitors at the entrance.
√źewohń© ∆íe sia ∆íe az√£…Ėu…£i madz…Ē dzi na ame abe alesi w√≤n…Ēna …Ėaa ene o elabena wode se …Ėe duto∆ío kpekpewo nu,This year's festive season may not be as exciting as usual since public gatherings have been banned,"The elders of the village have called a meeting to inform everyone that from today onwards, they should not go to the forest alone at night."
"De Ňčugble le nu nyui siwo dz…Ē le w√≤ agbe me Ňču, eye n√†kp…Ē dzidz…Ē.","Think a lot about the good things that have happened in your life, and be happy.","The monkey's buttocks are red because it sat on the fire, and the crab is also burnt."
Ňäutsuwo kple ny…Ēnuwo kple hadomeŇčg…Ēyiyi ∆íe dzi…Ėu…Ėumeg√£ ts√£t…Ē bu si na be hadome…Ėo…Ėoa do kpo nu.,The former minister of gender and social development disappeared which made the partnership fail.,Men and women and children's rights activists have spoken out to say that child labor is not good.
"Ame sia ame, ame tsitsi alo …Ėevi ate Ňču a…Ėu ab…Ēb…Ēwo.","Snails can be eaten by anyone, adult or child.","When it rains, it pours, and the devil finds work for the idle hands."
"Kpovit…Ēwo …Ėe gbe∆í√£e le radiod…Ēw…Ē∆íewo be amewo nade dzesi ame kukua, esi wole numekuku w…Ēm be yewoakp…Ē nyi siwo wofi siwo dzi…Ėu…Ėua na la.","The police announced on radio stations for people to identify the body, as they carry out investigations to recover the stolen cattle provided by the government.","The elderly people in the villages say that when a person is about to die, they start to speak in proverbs, so that those who are left behind will use them to correct their lives."
Wo domet…Ē …Ėeka ate Ňču aw…Ē nu vevii eye w√≤akp…Ēt…Ē anye ame bubuwo t…Ē.,One can be disabled and still live a normal life like others.,"They have one stomach but two mouths and when they eat, they also give some to others."
Wodzroa d…Ēw…Ēla nyui a…Ėe le ale si w√≤tea Ňču w…Ēa d…Ēe ta.,A good worker is evaluated on the basis of his or her performance.,The stranger's eye is wide but doesn't see what is in his house.
"Twigbe gb√£t…Ē si woŇčl…Ēe nye Akuapem Twi, eye eyae nye gbe gb√£t…Ē si me woŇčl…Ē Ňä…ĒŇčl…Ē K…Ēk…Ēeawo le Twi me.","The first written language of Twi was Akuapem Twi, and it was the first language in which the Holy Scriptures were written in Twi.","Akuapem Twi is the language of the people, and it is the language the people of the Gold Coast speak in Twi."
Ame et…ĒŐÉ bu wo∆íe lu č…Ē le af…Ēku g√£ a…Ėe si dz…Ē le Sunyani Techiman m…Ē dzi me.,Three people have lost their souls in a fatal accident which occurred at the Sunyani Techiman road.,It happened on the road from Techiman to Sunyani.
Ele be nutome g√£ dzi…Ėu…Ėumeg√£wo na…Ėe asi le wo∆íe mas…Ēmas…Ēwo Ňču eye woaw…Ē d…Ē le m…Ēawo dzi.,The district officials should put their differences aside and work on the roads.,The living and the dead are all in the hands of God and it is He who determines our fate.
"Nye nyin…Ēwo ∆íe akpa g√£t…Ē dzea d…Ē, Wol√©a Ňčku …Ėe wo∆íe l√£mesŠļĹ kple wo∆íe l√£mesŠļĹ Ňču.","Most of my cows are diseased, posing a challenge for their proper care and well-being.","The elders' big compound door is open, Come and enter with your wisdom and your wisdom will be on you."
Fififi ∆íe seselel√£me n…Ēa esi ale gbegbe be e…Ėua nu …Ėe ‚Äč‚Äčeme be yeawu fififi la Ňčut…Ē nu.,He gets a feeling of theft so great that he eats into it to complete the theft itself.,"Fififi's beauty is not outside, it is inside, and when Fififi smiles, the beauty comes out."
"Ts√£ la, dzi…Ėu…Ėua …Ėo a čaw…Ēnu gbogbo a…Ėewo be woa…Ėe Polio …Ėa le Ghana.",Previously the government organized mass immunization to eliminate Polio from Ghana.,"Today, the whole world has joined hands to eradicate Polio in Ghana."
Vi…Ėe kawoe do tso dek…Ēnu sia me?,What were the benefits of this culture?,What is the name of this town?
